env_id,timestamp,env_mode,env_frequency,env_source_count,env_receiver_count,env_range_count,env_max_depth,env_ssp_type,prt_mode,prt_success,prt_error_msg,prt_freq,prt_ssp_points,prt_ssp_min_speed,prt_ssp_max_speed,prt_ssp_mean_speed,prt_ssp_std_speed,prt_depth_min,prt_depth_max,prt_depth_range,prt_source_depths,prt_receiver_depths,prt_ranges,prt_beam_angles,prt_run_time,arr_arrival_count,arr_min_time,arr_max_time,arr_mean_time,arr_std_time,arr_min_amplitude,arr_max_amplitude,arr_mean_amplitude,arr_std_amplitude,arr_angle_spread,arr_phase_variance,ray_ray_count,ray_total_points,ray_max_range,ray_max_depth,ray_avg_ray_length,ray_path_complexity,ray_turning_points,ray_bounce_count,shd_grid_size,shd_range_extent,shd_depth_extent,shd_min_tl,shd_max_tl,shd_mean_tl,shd_std_tl,shd_tl_gradient,shd_energy_distribution
B001_arr,2025-08-01 17:58:39.497344,arr,,0,0,0,5232.0,A'				! Run type,arr,1,,949.8,54,1474.6,1600.0,1490.1266666666666,16.761280336493353,0.0,5432.0,5432.0,[],[],[],[],,20472.0,0.150923043,220.5,18.85876839611782,7.716895627784763,6.97921776e-10,201.0,0.011994233650770183,1.43801957534497,441.0,10798.696060187976,,,,,,,,,,,,,,,,,
B001_ray,2025-08-01 17:58:39.574847,ray,,0,0,0,5232.0,A' 0.0,ray,1,,949.8,54,1474.6,1600.0,1490.1266666666666,16.761280336493353,0.0,5432.0,5432.0,[],[],[],[],,,,,,,,,,,,,1.0,22875.0,50495.676590412986,5232.001415348922,6451421.115091439,448.1460980878074,186.0,0.0,,,,,,,,,
B001_shd,2025-08-01 17:58:39.865991,shd,,0,0,0,5232.0,C'				! Run type,shd,1,,949.8,54,1474.6,1600.0,1490.1266666666666,16.761280336493353,0.0,5432.0,5432.0,[],[],[],[],,,,,,,,,,,,,,,,,,,,,0.0,0.0,0.0,,,,,,
B002_arr,2025-08-01 17:58:40.261006,arr,,0,0,0,406.6,A'				! Run type,arr,1,,1997.0,26,1494.46,1600.0,1505.2823076923078,19.259263367112123,0.0,606.6,606.6,[],[],[],[],,223392.0,0.169484347,255.0,19.68664646033532,8.470544067883258,4.1169641e-09,201.0,0.0011270922293050666,0.43673753083749783,510.0,624654.8754389293,,,,,,,,,,,,,,,,,
B002_ray,2025-08-01 17:58:40.607642,ray,,0,0,0,406.6,A' 0.0,ray,1,,1997.0,26,1494.46,1600.0,1505.2823076923078,19.259263367112123,0.0,606.6,606.6,[],[],[],[],,,,,,,,,,,,,1.0,125977.0,50039.21740170372,406.60012403559705,5002786.393694363,532.7105423820103,118.0,0.0,,,,,,,,,
B002_shd,2025-08-01 17:58:42.266288,shd,,0,0,0,406.6,C'				! Run type,shd,1,,1997.0,26,1494.46,1600.0,1505.2823076923078,19.259263367112123,0.0,606.6,606.6,[],[],[],[],,,,,,,,,,,,,,,,,,,,,0.0,0.0,0.0,,,,,,
B003_arr,2025-08-01 17:58:42.590817,arr,,0,0,0,2907.4,A'				! Run type,arr,1,,1368.0,38,1478.52,1600.0,1499.8823684210527,18.67323223990209,0.0,3107.4,3107.4,[],[],[],[],,41897.0,0.149274424,223.999985,19.069351579237654,7.8770621605294,8.57508564e-10,201.0,0.005877672329636563,1.0052200761347936,447.999969,27590.324068173282,,,,,,,,,,,,,,,,,
B003_ray,2025-08-01 17:58:42.655210,ray,,0,0,0,2907.4,A' 0.0,ray,1,,1368.0,38,1478.52,1600.0,1499.8823684210527,18.67323223990209,0.0,3107.4,3107.4,[],[],[],[],,,,,,,,,,,,,1.0,16015.0,50284.833749710946,2907.4012681150602,2415729.318084834,178.03218231203167,71.0,0.0,,,,,,,,,
B003_shd,2025-08-01 17:58:42.857467,shd,,0,0,0,2907.4,C'				! Run type,shd,1,,1368.0,38,1478.52,1600.0,1499.8823684210527,18.67323223990209,0.0,3107.4,3107.4,[],[],[],[],,,,,,,,,,,,,,,,,,,,,0.0,0.0,0.0,,,,,,
B004_arr,2025-08-01 17:58:43.155462,arr,,0,0,0,2560.6,A'				! Run type,arr,1,,973.4,37,1460.0,1600.0,1467.0945945945946,22.595840157055772,0.0,2760.6,2760.6,[],[],[],[],,75433.0,0.18808499,270.5,23.182772812214047,8.1339705050738,1.4103417e-10,201.0,0.003107071579931427,0.7410487033905573,541.0,45286.247142800145,,,,,,,,,,,,,,,,,
B004_ray,2025-08-01 17:58:43.269098,ray,,0,0,0,2560.6,A' 0.0,ray,1,,973.4,37,1460.0,1600.0,1467.0945945945946,22.595840157055772,0.0,2760.6,2760.6,[],[],[],[],,,,,,,,,,,,,1.0,18589.0,50240.28180429439,2560.600967243107,3816314.2228382607,248.16504801312385,113.0,0.0,,,,,,,,,
B004_shd,2025-08-01 17:58:43.490887,shd,,0,0,0,2560.6,C'				! Run type,shd,1,,973.4,37,1460.0,1600.0,1467.0945945945946,22.595840157055772,0.0,2760.6,2760.6,[],[],[],[],,,,,,,,,,,,,,,,,,,,,0.0,0.0,0.0,,,,,,
B005_arr,2025-08-01 17:58:43.827322,arr,,0,0,0,1039.1,A'				! Run type,arr,1,,1007.0,34,1478.57,1600.0,1491.7364705882353,19.942671937677783,0.0,1239.1,1239.1,[],[],[],[],,269393.0,0.184234843,275.5,19.989694607506657,8.797879997652824,9.68386593e-10,201.0,0.0008965699914964305,0.39276050760795783,551.0,248871.3365613563,,,,,,,,,,,,,,,,,
B005_ray,2025-08-01 17:58:44.253992,ray,,0,0,0,1039.1,A' 0.0,ray,1,,1007.0,34,1478.57,1600.0,1491.7364705882353,19.942671937677783,0.0,1239.1,1239.1,[],[],[],[],,,,,,,,,,,,,1.0,129056.0,50102.46516203398,1039.100398507457,9395514.783232622,892.3875079750081,248.0,0.0,,,,,,,,,
B005_shd,2025-08-01 17:58:45.799733,shd,,0,0,0,1039.1,C'				! Run type,shd,1,,1007.0,34,1478.57,1600.0,1491.7364705882353,19.942671937677783,0.0,1239.1,1239.1,[],[],[],[],,,,,,,,,,,,,,,,,,,,,0.0,0.0,0.0,,,,,,
B006_arr,2025-08-01 17:58:46.093304,arr,,0,0,0,1574.9,A'				! Run type,arr,1,,1133.0,32,1489.35,1600.0,1501.8490625,18.720689316798513,0.0,1774.9,1774.9,[],[],[],[],,316321.0,0.138612658,208.999985,18.551802197412112,6.973135696509421,7.8336182e-10,201.0,0.0008076175089109601,0.36662007726370505,417.999969,92139.99600510964,,,,,,,,,,,,,,,,,
B006_ray,2025-08-01 17:58:46.559305,ray,,0,0,0,1574.9,A' 0.0,ray,1,,1133.0,32,1489.35,1600.0,1501.8490625,18.720689316798513,0.0,1774.9,1774.9,[],[],[],[],,,,,,,,,,,,,1.0,45075.0,50147.55293778306,1574.900368889991,6406019.09381833,497.95379028902,164.0,0.0,,,,,,,,,
B006_shd,2025-08-01 17:58:47.097327,shd,,0,0,0,1574.9,C'				! Run type,shd,1,,1133.0,32,1489.35,1600.0,1501.8490625,18.720689316798513,0.0,1774.9,1774.9,[],[],[],[],,,,,,,,,,,,,,,,,,,,,0.0,0.0,0.0,,,,,,
B007_arr,2025-08-01 17:58:47.370917,arr,,0,0,0,5365.5,A'				! Run type,arr,1,,959.1,55,1480.12,1600.0,1495.7945454545454,16.266516620813647,0.0,5565.5,5565.5,[],[],[],[],,32623.0,0.189386755,284.5,22.206037144968214,8.886718417863733,1.09284048e-09,201.0,0.00747216830630095,1.1368540782802647,569.0,10455.357210324564,,,,,,,,,,,,,,,,,
B007_ray,2025-08-01 17:58:47.420918,ray,,0,0,0,5365.5,A' 0.0,ray,1,,959.1,55,1480.12,1600.0,1495.7945454545454,16.266516620813647,0.0,5565.5,5565.5,[],[],[],[],,,,,,,,,,,,,1.0,24894.0,50526.61940581925,5365.501137132398,8165635.721078208,567.5784808103082,242.0,0.0,,,,,,,,,
B007_shd,2025-08-01 17:58:47.709439,shd,,0,0,0,5365.5,C'				! Run type,shd,1,,959.1,55,1480.12,1600.0,1495.7945454545454,16.266516620813647,0.0,5565.5,5565.5,[],[],[],[],,,,,,,,,,,,,,,,,,,,,0.0,0.0,0.0,,,,,,
B008_arr,2025-08-01 17:58:47.975429,arr,,0,0,0,437.3,A'				! Run type,arr,1,,1577.0,32,1492.69,1600.0,1506.7909375,17.25522246295578,0.0,637.3,637.3,[],[],[],[],,106583.0,0.15707846,237.5,17.828338100995328,8.61731785746265,6.44757403e-09,201.0,0.0022532098736094226,0.6254687540636733,475.0,857484.6370509361,,,,,,,,,,,,,,,,,
B008_ray,2025-08-01 17:58:48.117434,ray,,0,0,0,437.3,A' 0.0,ray,1,,1577.0,32,1492.69,1600.0,1506.7909375,17.25522246295578,0.0,637.3,637.3,[],[],[],[],,,,,,,,,,,,,1.0,199294.0,50041.53139324465,437.3001939941022,6058007.088633149,813.4560732522172,149.0,0.0,,,,,,,,,
B008_shd,2025-08-01 17:58:50.418480,shd,,0,0,0,437.3,C'				! Run type,shd,1,,1577.0,32,1492.69,1600.0,1506.7909375,17.25522246295578,0.0,637.3,637.3,[],[],[],[],,,,,,,,,,,,,,,,,,,,,0.0,0.0,0.0,,,,,,
B009_arr,2025-08-01 17:58:50.685001,arr,,0,0,0,3105.4,A'				! Run type,arr,1,,1690.0,43,1482.91,1600.0,1499.54,17.610550880809527,0.0,3305.4,3305.4,[],[],[],[],,130411.0,0.185881272,280.0,22.427725565998006,8.30189693661041,1.25066554e-10,201.0,0.0018081777262496804,0.5636012038810049,560.0,30918.68122419098,,,,,,,,,,,,,,,,,
B009_ray,2025-08-01 17:58:50.880291,ray,,0,0,0,3105.4,A' 0.0,ray,1,,1690.0,43,1482.91,1600.0,1499.54,17.610550880809527,0.0,3305.4,3305.4,[],[],[],[],,,,,,,,,,,,,1.0,14692.0,50287.002376207194,3105.4009727094603,2499328.6309851627,187.8022394988882,74.0,0.0,,,,,,,,,
B009_shd,2025-08-01 17:58:51.074764,shd,,0,0,0,3105.4,C'				! Run type,shd,1,,1690.0,43,1482.91,1600.0,1499.54,17.610550880809527,0.0,3305.4,3305.4,[],[],[],[],,,,,,,,,,,,,,,,,,,,,0.0,0.0,0.0,,,,,,
B010_arr,2025-08-01 17:58:51.449111,arr,,0,0,0,2621.6,A'				! Run type,arr,1,,988.4,39,1460.0,1600.0,1467.8348717948718,22.051456591438043,0.0,2821.6,2821.6,[],[],[],[],,134349.0,0.19216615,281.499969,22.578131617334144,8.367226444697287,4.08120704e-10,201.0,0.0018584648342831495,0.5625507637196785,562.999939,34782.497147922375,,,,,,,,,,,,,,,,,
B010_ray,2025-08-01 17:58:51.651027,ray,,0,0,0,2621.6,A' 0.0,ray,1,,988.4,39,1460.0,1600.0,1467.8348717948718,22.051456591438043,0.0,2821.6,2821.6,[],[],[],[],,,,,,,,,,,,,1.0,37200.0,50256.43077761702,2621.6008056384476,7259936.103013499,483.3946439395985,198.0,0.0,,,,,,,,,
B010_shd,2025-08-01 17:58:52.155453,shd,,0,0,0,2621.6,C'				! Run type,shd,1,,988.4,39,1460.0,1600.0,1467.8348717948718,22.051456591438043,0.0,2821.6,2821.6,[],[],[],[],,,,,,,,,,,,,,,,,,,,,0.0,0.0,0.0,,,,,,
B011_arr,2025-08-01 17:58:52.531628,arr,,0,0,0,1081.7,A'				! Run type,arr,1,,1209.0,27,1480.1,1600.0,1495.1211111111113,21.704925423836894,0.0,1281.7,1281.7,[],[],[],[],,295418.0,0.144817084,216.5,19.408517189344835,7.0006654585839145,1.67238612e-10,201.0,0.0008421460454786999,0.3777952554404171,433.0,73125.28572558817,,,,,,,,,,,,,,,,,
B011_ray,2025-08-01 17:58:53.010169,ray,,0,0,0,1081.7,A' 0.0,ray,1,,1209.0,27,1480.1,1600.0,1495.1211111111113,21.704925423836894,0.0,1281.7,1281.7,[],[],[],[],,,,,,,,,,,,,1.0,26246.0,50104.05521115103,1081.7004051327815,2190248.695947409,182.72660587922437,51.0,0.0,,,,,,,,,
B011_shd,2025-08-01 17:58:53.339243,shd,,0,0,0,1081.7,C'				! Run type,shd,1,,1209.0,27,1480.1,1600.0,1495.1211111111113,21.704925423836894,0.0,1281.7,1281.7,[],[],[],[],,,,,,,,,,,,,,,,,,,,,0.0,0.0,0.0,,,,,,
B012_arr,2025-08-01 17:58:53.613602,arr,,0,0,0,1539.0,A'				! Run type,arr,1,,1118.0,31,1490.21,1600.0,1505.3419354838707,18.35464895304146,0.0,1739.0,1739.0,[],[],[],[],,171803.0,0.180036187,272.5,22.360855893980997,8.058688025861588,1.17165888e-09,201.0,0.0014405974585858883,0.49590233589555577,545.0,48483.5364764415,,,,,,,,,,,,,,,,,
B012_ray,2025-08-01 17:58:53.863602,ray,,0,0,0,1539.0,A' 0.0,ray,1,,1118.0,31,1490.21,1600.0,1505.3419354838707,18.35464895304146,0.0,1739.0,1739.0,[],[],[],[],,,,,,,,,,,,,1.0,17606.0,50150.73853649703,1539.0003911100846,2175043.373889925,164.76533760433918,65.0,0.0,,,,,,,,,
B012_shd,2025-08-01 17:58:54.069602,shd,,0,0,0,1539.0,C'				! Run type,shd,1,,1118.0,31,1490.21,1600.0,1505.3419354838707,18.35464895304146,0.0,1739.0,1739.0,[],[],[],[],,,,,,,,,,,,,,,,,,,,,0.0,0.0,0.0,,,,,,
B013_arr,2025-08-01 17:58:54.434080,arr,,0,0,0,4938.6,A'				! Run type,arr,1,,1147.0,51,1479.97,1600.0,1494.6576470588232,16.688715876331617,0.0,5138.6,5138.6,[],[],[],[],,167472.0,0.178049251,266.0,22.75053398236206,8.637247274982602,1.2474774e-10,201.0,0.0014829723527413968,0.5027904837600065,532.0,26522.62069056015,,,,,,,,,,,,,,,,,
B013_ray,2025-08-01 17:58:54.673480,ray,,0,0,0,4938.6,A' 0.0,ray,1,,1147.0,51,1479.97,1600.0,1494.6576470588232,16.688715876331617,0.0,5138.6,5138.6,[],[],[],[],,,,,,,,,,,,,1.0,7599.0,50465.39597585239,4938.601028758226,2380581.357598255,168.58419958995398,71.0,0.0,,,,,,,,,
B013_shd,2025-08-01 17:58:54.762677,shd,,0,0,0,4938.6,C'				! Run type,shd,1,,1147.0,51,1479.97,1600.0,1494.6576470588232,16.688715876331617,0.0,5138.6,5138.6,[],[],[],[],,,,,,,,,,,,,,,,,,,,,0.0,0.0,0.0,,,,,,
B014_arr,2025-08-01 17:58:55.030268,arr,,0,0,0,529.8,A'				! Run type,arr,1,,2308.0,30,1488.19,1600.0,1500.4506666666666,18.985124340446706,0.0,729.8,729.8,[],[],[],[],,415287.0,0.145374864,218.5,16.575068713269577,7.674319354666447,1.74128134e-09,201.0,0.0006268123829417064,0.319967828303893,437.0,435654.27226817625,,,,,,,,,,,,,,,,,
B014_ray,2025-08-01 17:58:55.682021,ray,,0,0,0,529.8,A' 0.0,ray,1,,2308.0,30,1488.19,1600.0,1500.4506666666666,18.985124340446706,0.0,729.8,729.8,[],[],[],[],,,,,,,,,,,,,1.0,57650.0,50050.61986003608,529.8001386634461,2678074.7762041613,278.93734415775185,57.0,0.0,,,,,,,,,
B014_shd,2025-08-01 17:58:56.439456,shd,,0,0,0,529.8,C'				! Run type,shd,1,,2308.0,30,1488.19,1600.0,1500.4506666666666,18.985124340446706,0.0,729.8,729.8,[],[],[],[],,,,,,,,,,,,,,,,,,,,,0.0,0.0,0.0,,,,,,
B015_arr,2025-08-01 17:58:56.735685,arr,,0,0,0,3078.1,A'				! Run type,arr,1,,1718.0,38,1479.89,1600.0,1499.1868421052632,18.861506484631764,0.0,3278.1,3278.1,[],[],[],[],,121510.0,0.136921734,206.5,17.781883965155163,6.989761056086087,3.00256792e-10,201.0,0.0020842809522797685,0.5935035820574661,413.0,22967.062873067916,,,,,,,,,,,,,,,,,
B015_ray,2025-08-01 17:58:56.911676,ray,,0,0,0,3078.1,A' 0.0,ray,1,,1718.0,38,1479.89,1600.0,1499.1868421052632,18.861506484631764,0.0,3278.1,3278.1,[],[],[],[],,,,,,,,,,,,,1.0,38810.0,50297.585358836084,3078.101082511402,7289363.656405937,526.8507227244206,215.0,0.0,,,,,,,,,
B015_shd,2025-08-01 17:58:57.423039,shd,,0,0,0,3078.1,C'				! Run type,shd,1,,1718.0,38,1479.89,1600.0,1499.1868421052632,18.861506484631764,0.0,3278.1,3278.1,[],[],[],[],,,,,,,,,,,,,,,,,,,,,0.0,0.0,0.0,,,,,,
B016_arr,2025-08-01 17:58:57.785793,arr,,0,0,0,2393.0,A'				! Run type,arr,1,,990.2,39,1460.0,1600.0,1466.9646153846154,22.155221511794608,0.0,2593.0,2593.0,[],[],[],[],,61947.0,0.196187317,286.5,22.64631477321202,8.008498265647107,7.0310846e-10,201.0,0.00405442555202498,0.8312214198788391,573.0,25638.07600688194,,,,,,,,,,,,,,,,,
B016_ray,2025-08-01 17:58:57.879794,ray,,0,0,0,2393.0,A' 0.0,ray,1,,990.2,39,1460.0,1600.0,1466.9646153846154,22.155221511794608,0.0,2593.0,2593.0,[],[],[],[],,,,,,,,,,,,,1.0,26953.0,50231.16472963069,2393.0004163326507,5993376.711361388,402.47040687379433,179.0,0.0,,,,,,,,,
B016_shd,2025-08-01 17:58:58.231646,shd,,0,0,0,2393.0,C'				! Run type,shd,1,,990.2,39,1460.0,1600.0,1466.9646153846154,22.155221511794608,0.0,2593.0,2593.0,[],[],[],[],,,,,,,,,,,,,,,,,,,,,0.0,0.0,0.0,,,,,,
B017_arr,2025-08-01 17:58:58.613434,arr,,0,0,0,924.3,A'				! Run type,arr,1,,1305.0,29,1478.3,1600.0,1494.7627586206897,21.082882564241512,0.0,1124.3,1124.3,[],[],[],[],,115052.0,0.141945094,213.0,17.6253864756981,7.042934966027305,4.23547142e-10,201.0,0.00218457103140472,0.6085634766925953,426.0,94721.05307076129,,,,,,,,,,,,,,,,,
B017_ray,2025-08-01 17:58:58.774218,ray,,0,0,0,924.3,A' 0.0,ray,1,,1305.0,29,1478.3,1600.0,1494.7627586206897,21.082882564241512,0.0,1124.3,1124.3,[],[],[],[],,,,,,,,,,,,,1.0,79723.0,50091.19894174894,924.3003022343124,6224902.272618244,538.400618507927,159.0,0.0,,,,,,,,,
B017_shd,2025-08-01 17:58:59.700162,shd,,0,0,0,924.3,C'				! Run type,shd,1,,1305.0,29,1478.3,1600.0,1494.7627586206897,21.082882564241512,0.0,1124.3,1124.3,[],[],[],[],,,,,,,,,,,,,,,,,,,,,0.0,0.0,0.0,,,,,,
B018_arr,2025-08-01 17:58:59.977883,arr,,0,0,0,1433.4,A'				! Run type,arr,1,,1213.0,39,1487.67,1600.0,1500.6905128205128,17.537587757510995,0.0,1633.4,1633.4,[],[],[],[],,151839.0,0.16174905,243.500015,21.427534675685113,8.255615854588497,3.71479625e-09,201.0,0.0016679273494334215,0.5309311695903036,487.000031,107610.46902336698,,,,,,,,,,,,,,,,,
B018_ray,2025-08-01 17:59:00.221884,ray,,0,0,0,1433.4,A' 0.0,ray,1,,1213.0,39,1487.67,1600.0,1500.6905128205128,17.537587757510995,0.0,1633.4,1633.4,[],[],[],[],,,,,,,,,,,,,1.0,28438.0,50138.19301334655,1433.4003409069624,3081022.682828688,260.8596850237503,69.0,0.0,,,,,,,,,
B018_shd,2025-08-01 17:59:00.603092,shd,,0,0,0,1433.4,C'				! Run type,shd,1,,1213.0,39,1487.67,1600.0,1500.6905128205128,17.537587757510995,0.0,1633.4,1633.4,[],[],[],[],,,,,,,,,,,,,,,,,,,,,0.0,0.0,0.0,,,,,,
B019_arr,2025-08-01 17:59:00.933924,arr,,0,0,0,4815.2,A'				! Run type,arr,1,,1025.0,52,1476.28,1600.0,1493.355576923077,17.313774686587813,0.0,5015.2,5015.2,[],[],[],[],,113205.0,0.158363819,236.5,21.598626460225237,7.919899159307101,1.95254882e-10,201.0,0.002194627902584705,0.6121818503181499,473.0,16120.024942687727,,,,,,,,,,,,,,,,,
B019_ray,2025-08-01 17:59:01.097931,ray,,0,0,0,4815.2,A' 0.0,ray,1,,1025.0,52,1476.28,1600.0,1493.355576923077,17.313774686587813,0.0,5015.2,5015.2,[],[],[],[],,,,,,,,,,,,,1.0,32824.0,50460.6107068046,4815.201058237871,10573943.25197124,728.3660061061295,314.0,0.0,,,,,,,,,
B019_shd,2025-08-01 17:59:01.530998,shd,,0,0,0,4815.2,C'				! Run type,shd,1,,1025.0,52,1476.28,1600.0,1493.355576923077,17.313774686587813,0.0,5015.2,5015.2,[],[],[],[],,,,,,,,,,,,,,,,,,,,,0.0,0.0,0.0,,,,,,
B020_arr,2025-08-01 17:59:01.851230,arr,,0,0,0,467.0,A'				! Run type,arr,1,,2210.0,35,1489.73,1600.0,1499.8728571428571,17.64085575692786,0.0,667.0,667.0,[],[],[],[],,159064.0,0.181658342,272.5,19.53307719265754,8.287254606616768,5.29860067e-09,201.0,0.0015017822803497494,0.5119936656281282,545.0,315141.1726317381,,,,,,,,,,,,,,,,,
B020_ray,2025-08-01 17:59:02.110893,ray,,0,0,0,467.0,A' 0.0,ray,1,,2210.0,35,1489.73,1600.0,1499.8728571428571,17.64085575692786,0.0,667.0,667.0,[],[],[],[],,,,,,,,,,,,,1.0,247005.0,50045.62192966762,467.00018146022023,8176096.94264375,920.9468714228714,175.0,0.0,,,,,,,,,
B020_shd,2025-08-01 17:59:05.078552,shd,,0,0,0,467.0,C'				! Run type,shd,1,,2210.0,35,1489.73,1600.0,1499.8728571428571,17.64085575692786,0.0,667.0,667.0,[],[],[],[],,,,,,,,,,,,,,,,,,,,,0.0,0.0,0.0,,,,,,
B021_arr,2025-08-01 17:59:05.363139,arr,,0,0,0,3157.0,A'				! Run type,arr,1,,1515.0,41,1481.99,1600.0,1499.2121951219513,18.127715004351778,0.0,3357.0,3357.0,[],[],[],[],,50055.0,0.132586733,200.0,16.88516964613517,6.896573333639156,2.60775707e-10,201.0,0.004764536800728283,0.9126888717075018,400.0,16624.629474831814,,,,,,,,,,,,,,,,,
B021_ray,2025-08-01 17:59:05.436677,ray,,0,0,0,3157.0,A' 0.0,ray,1,,1515.0,41,1481.99,1600.0,1499.2121951219513,18.127715004351778,0.0,3357.0,3357.0,[],[],[],[],,,,,,,,,,,,,1.0,19169.0,50261.93673465142,3157.0013557679317,3132501.958057906,225.55978270677085,92.0,0.0,,,,,,,,,
B021_shd,2025-08-01 17:59:05.661862,shd,,0,0,0,3157.0,C'				! Run type,shd,1,,1515.0,41,1481.99,1600.0,1499.2121951219513,18.127715004351778,0.0,3357.0,3357.0,[],[],[],[],,,,,,,,,,,,,,,,,,,,,0.0,0.0,0.0,,,,,,
B022_arr,2025-08-01 17:59:05.944995,arr,,0,0,0,2577.0,A'				! Run type,arr,1,,648.2,37,1460.0,1600.0,1466.9483783783785,22.64200324361466,0.0,2777.0,2777.0,[],[],[],[],,62396.0,0.147322863,215.5,19.99014481348309,7.127944479036285,3.96510776e-11,201.0,0.0037728010582796854,0.815433773796219,431.0,21062.8306219031,,,,,,,,,,,,,,,,,
B022_ray,2025-08-01 17:59:06.040005,ray,,0,0,0,2577.0,A' 0.0,ray,1,,648.2,37,1460.0,1600.0,1466.9483783783785,22.64200324361466,0.0,2777.0,2777.0,[],[],[],[],,,,,,,,,,,,,1.0,50141.0,50254.11964460579,2577.000986030001,9725914.700333662,628.0804704104307,287.0,0.0,,,,,,,,,
B022_shd,2025-08-01 17:59:06.630197,shd,,0,0,0,2577.0,C'				! Run type,shd,1,,648.2,37,1460.0,1600.0,1466.9483783783785,22.64200324361466,0.0,2777.0,2777.0,[],[],[],[],,,,,,,,,,,,,,,,,,,,,0.0,0.0,0.0,,,,,,
B023_arr,2025-08-01 17:59:06.914293,arr,,0,0,0,1083.7,A'				! Run type,arr,1,,1212.0,28,1480.93,1600.0,1494.3178571428575,21.314463124022286,0.0,1283.7,1283.7,[],[],[],[],,269717.0,0.161304176,241.0,21.66476336851001,7.567652960530602,3.78940018e-10,201.0,0.0009216396442118495,0.3957838062427919,482.0,91178.44505076656,,,,,,,,,,,,,,,,,
B023_ray,2025-08-01 17:59:07.349172,ray,,0,0,0,1083.7,A' 0.0,ray,1,,1212.0,28,1480.93,1600.0,1494.3178571428575,21.314463124022286,0.0,1283.7,1283.7,[],[],[],[],,,,,,,,,,,,,1.0,78985.0,50107.50428482525,1083.7003838354913,7054602.718473952,563.7321048888689,181.0,0.0,,,,,,,,,
B023_shd,2025-08-01 17:59:08.275079,shd,,0,0,0,1083.7,C'				! Run type,shd,1,,1212.0,28,1480.93,1600.0,1494.3178571428575,21.314463124022286,0.0,1283.7,1283.7,[],[],[],[],,,,,,,,,,,,,,,,,,,,,0.0,0.0,0.0,,,,,,
B024_arr,2025-08-01 17:59:08.560085,arr,,0,0,0,1463.5,A'				! Run type,arr,1,,1015.0,31,1484.73,1600.0,1500.1619354838708,19.501760453098363,0.0,1663.5,1663.5,[],[],[],[],,162925.0,0.166097611,250.0,22.114517511667454,8.235270552960444,2.64770428e-10,201.0,0.0015375069038326295,0.5108406821023928,500.0,47719.39528426508,,,,,,,,,,,,,,,,,
B024_ray,2025-08-01 17:59:08.795077,ray,,0,0,0,1463.5,A' 0.0,ray,1,,1015.0,31,1484.73,1600.0,1500.1619354838708,19.501760453098363,0.0,1663.5,1663.5,[],[],[],[],,,,,,,,,,,,,1.0,43294.0,50144.32029532,1463.500347004923,5604422.505095181,418.44516283147834,167.0,0.0,,,,,,,,,
B024_shd,2025-08-01 17:59:09.313769,shd,,0,0,0,1463.5,C'				! Run type,shd,1,,1015.0,31,1484.73,1600.0,1500.1619354838708,19.501760453098363,0.0,1663.5,1663.5,[],[],[],[],,,,,,,,,,,,,,,,,,,,,0.0,0.0,0.0,,,,,,
B025_arr,2025-08-01 17:59:09.682932,arr,,0,0,0,4867.8,A'				! Run type,arr,1,,1156.0,54,1482.69,1600.0,1496.1766666666667,15.655715084748278,0.0,5067.8,5067.8,[],[],[],[],,59100.0,0.155603394,230.0,20.668724078509104,7.780111512721866,1.0459934e-09,201.0,0.003930834265205682,0.8359527724625256,460.0,15395.741431616,,,,,,,,,,,,,,,,,
B025_ray,2025-08-01 17:59:09.764941,ray,,0,0,0,4867.8,A' 0.0,ray,1,,1156.0,54,1482.69,1600.0,1496.1766666666667,15.655715084748278,0.0,5067.8,5067.8,[],[],[],[],,,,,,,,,,,,,1.0,13289.0,50360.681155866834,4867.801436247567,3114729.7556775315,215.0356688680911,92.0,0.0,,,,,,,,,
B025_shd,2025-08-01 17:59:09.917937,shd,,0,0,0,4867.8,C'				! Run type,shd,1,,1156.0,54,1482.69,1600.0,1496.1766666666667,15.655715084748278,0.0,5067.8,5067.8,[],[],[],[],,,,,,,,,,,,,,,,,,,,,0.0,0.0,0.0,,,,,,
B026_arr,2025-08-01 17:59:10.280113,arr,,0,0,0,593.4,A'				! Run type,arr,1,,1513.0,33,1486.23,1600.0,1497.4748484848485,18.630449517375247,0.0,793.4,793.4,[],[],[],[],,310261.0,0.161587641,242.000015,19.247238681737247,8.086301405468616,3.44861939e-09,201.0,0.0007842096278941965,0.36691684877251246,484.000031,252687.61980365304,,,,,,,,,,,,,,,,,
B026_ray,2025-08-01 17:59:10.731738,ray,,0,0,0,593.4,A' 0.0,ray,1,,1513.0,33,1486.23,1600.0,1497.4748484848485,18.630449517375247,0.0,793.4,793.4,[],[],[],[],,,,,,,,,,,,,1.0,158489.0,50057.19953120906,593.4002555464976,6761948.555963012,692.7726598882193,156.0,0.0,,,,,,,,,
B026_shd,2025-08-01 17:59:13.792283,shd,,0,0,0,593.4,C'				! Run type,shd,1,,1513.0,33,1486.23,1600.0,1497.4748484848485,18.630449517375247,0.0,793.4,793.4,[],[],[],[],,,,,,,,,,,,,,,,,,,,,0.0,0.0,0.0,,,,,,
B027_arr,2025-08-01 17:59:14.190476,arr,,0,0,0,2908.6,A'				! Run type,arr,1,,1231.0,44,1483.96,1600.0,1500.5004545454542,17.059755134465846,0.0,3108.6,3108.6,[],[],[],[],,111682.0,0.159538567,239.5,21.146399769731293,8.410389205114928,4.37912928e-10,201.0,0.0021079993194262504,0.609027729695447,479.0,32735.784562309655,,,,,,,,,,,,,,,,,
B027_ray,2025-08-01 17:59:14.497752,ray,,0,0,0,2908.6,A' 0.0,ray,1,,1231.0,44,1483.96,1600.0,1500.5004545454542,17.059755134465846,0.0,3108.6,3108.6,[],[],[],[],,,,,,,,,,,,,1.0,17806.0,50257.52316330277,2908.600751601501,3096542.099476675,237.32883813022067,92.0,0.0,,,,,,,,,
B027_shd,2025-08-01 17:59:15.109854,shd,,0,0,0,2908.6,C'				! Run type,shd,1,,1231.0,44,1483.96,1600.0,1500.5004545454542,17.059755134465846,0.0,3108.6,3108.6,[],[],[],[],,,,,,,,,,,,,,,,,,,,,0.0,0.0,0.0,,,,,,
B028_arr,2025-08-01 17:59:15.510360,arr,,0,0,0,2688.3,A'				! Run type,arr,1,,749.6,40,1460.0,1600.0,1467.401,21.64522878141971,0.0,2888.3,2888.3,[],[],[],[],,61759.0,0.177902013,259.0,24.122811088782246,7.90937569382437,1.61308478e-09,201.0,0.0038869294711884887,0.8231269417698159,518.0,21524.721794602356,,,,,,,,,,,,,,,,,
B028_ray,2025-08-01 17:59:15.683935,ray,,0,0,0,2688.3,A' 0.0,ray,1,,749.6,40,1460.0,1600.0,1467.401,21.64522878141971,0.0,2888.3,2888.3,[],[],[],[],,,,,,,,,,,,,1.0,16582.0,50244.48584182239,2688.3007523996293,3490385.361354261,240.86349741699726,104.0,0.0,,,,,,,,,
B028_shd,2025-08-01 17:59:16.244092,shd,,0,0,0,2688.3,C'				! Run type,shd,1,,749.6,40,1460.0,1600.0,1467.401,21.64522878141971,0.0,2888.3,2888.3,[],[],[],[],,,,,,,,,,,,,,,,,,,,,0.0,0.0,0.0,,,,,,
B029_arr,2025-08-01 17:59:16.638007,arr,,0,0,0,1087.3,A'				! Run type,arr,1,,1238.0,27,1479.64,1600.0,1495.1296296296298,21.834493011013805,0.0,1287.3,1287.3,[],[],[],[],,99551.0,0.157335877,234.5,19.06564182696519,7.872064476162886,6.51004584e-10,201.0,0.0024381039093454406,0.6489259172176987,469.0,133900.79142615787,,,,,,,,,,,,,,,,,
B029_ray,2025-08-01 17:59:16.913170,ray,,0,0,0,1087.3,A' 0.0,ray,1,,1238.0,27,1479.64,1600.0,1495.1296296296298,21.834493011013805,0.0,1287.3,1287.3,[],[],[],[],,,,,,,,,,,,,1.0,26165.0,50107.21507517634,1087.3002006034037,3070942.6532871122,277.97552476637605,75.0,0.0,,,,,,,,,
B029_shd,2025-08-01 17:59:17.807865,shd,,0,0,0,1087.3,C'				! Run type,shd,1,,1238.0,27,1479.64,1600.0,1495.1296296296298,21.834493011013805,0.0,1287.3,1287.3,[],[],[],[],,,,,,,,,,,,,,,,,,,,,0.0,0.0,0.0,,,,,,
B030_arr,2025-08-01 17:59:18.206465,arr,,0,0,0,1440.9,A'				! Run type,arr,1,,1035.0,31,1488.22,1600.0,1504.2677419354836,18.78571071743652,0.0,1640.9,1640.9,[],[],[],[],,74815.0,0.157261208,237.5,20.17131838010319,7.903803770395198,7.31105898e-10,201.0,0.003273968179959301,0.7507193037130031,475.0,73978.34480207783,,,,,,,,,,,,,,,,,
B030_ray,2025-08-01 17:59:18.403034,ray,,0,0,0,1440.9,A' 0.0,ray,1,,1035.0,31,1488.22,1600.0,1504.2677419354836,18.78571071743652,0.0,1640.9,1640.9,[],[],[],[],,,,,,,,,,,,,1.0,62103.0,50132.86847838913,1440.9004613824438,6373841.316217078,484.8920508559078,168.0,0.0,,,,,,,,,
B030_shd,2025-08-01 17:59:20.460651,shd,,0,0,0,1440.9,C'				! Run type,shd,1,,1035.0,31,1488.22,1600.0,1504.2677419354836,18.78571071743652,0.0,1640.9,1640.9,[],[],[],[],,,,,,,,,,,,,,,,,,,,,0.0,0.0,0.0,,,,,,
B031_arr,2025-08-01 17:59:20.858413,arr,,0,0,0,5390.4,A'				! Run type,arr,1,,868.0,55,1480.83,1600.0,1496.2696363636367,15.938655579626236,0.0,5590.4,5590.4,[],[],[],[],,141367.0,0.157676727,237.0,21.79732840637386,8.133991243398434,2.64154754e-10,201.0,0.001725955416487631,0.545071680527511,474.0,14619.103277307755,,,,,,,,,,,,,,,,,
B031_ray,2025-08-01 17:59:21.243440,ray,,0,0,0,5390.4,A' 0.0,ray,1,,868.0,55,1480.83,1600.0,1496.2696363636367,15.938655579626236,0.0,5590.4,5590.4,[],[],[],[],,,,,,,,,,,,,1.0,22864.0,50513.55641265756,5390.401801965728,6269291.94023026,429.70156821229983,185.0,0.0,,,,,,,,,
B031_shd,2025-08-01 17:59:22.023817,shd,,0,0,0,5390.4,C'				! Run type,shd,1,,868.0,55,1480.83,1600.0,1496.2696363636367,15.938655579626236,0.0,5590.4,5590.4,[],[],[],[],,,,,,,,,,,,,,,,,,,,,0.0,0.0,0.0,,,,,,
B032_arr,2025-08-01 17:59:22.425641,arr,,0,0,0,497.7,A'				! Run type,arr,1,,1525.0,27,1491.58,1600.0,1503.0933333333337,19.491359529193858,0.0,697.7,697.7,[],[],[],[],,234510.0,0.170795798,256.5,20.241580707229737,8.198916231086079,4.49787896e-09,201.0,0.0010093356209444236,0.4199705430706385,513.0,429856.26974129875,,,,,,,,,,,,,,,,,
B032_ray,2025-08-01 17:59:23.015608,ray,,0,0,0,497.7,A' 0.0,ray,1,,1525.0,27,1491.58,1600.0,1503.0933333333337,19.491359529193858,0.0,697.7,697.7,[],[],[],[],,,,,,,,,,,,,1.0,151401.0,50049.034765204946,497.7001896713611,6175595.458423059,569.2984095582511,144.0,0.0,,,,,,,,,
B032_shd,2025-08-01 17:59:25.761421,shd,,0,0,0,497.7,C'				! Run type,shd,1,,1525.0,27,1491.58,1600.0,1503.0933333333337,19.491359529193858,0.0,697.7,697.7,[],[],[],[],,,,,,,,,,,,,,,,,,,,,0.0,0.0,0.0,,,,,,
B033_arr,2025-08-01 17:59:26.101989,arr,,0,0,0,3127.1,A'				! Run type,arr,1,,1536.0,41,1480.25,1600.0,1498.8202439024392,18.186111490915913,0.0,3327.1,3327.1,[],[],[],[],,207836.0,0.192745358,291.0,22.194031582846076,8.54519717170017,2.37311282e-10,201.0,0.0012244705917593766,0.453805823451432,582.0,28532.444790862595,,,,,,,,,,,,,,,,,
B033_ray,2025-08-01 17:59:26.436352,ray,,0,0,0,3127.1,A' 0.0,ray,1,,1536.0,41,1480.25,1600.0,1498.8202439024392,18.186111490915913,0.0,3327.1,3327.1,[],[],[],[],,,,,,,,,,,,,1.0,33285.0,50256.62042179483,3127.1010893569737,6071546.860536938,431.5530682737857,173.0,0.0,,,,,,,,,
B033_shd,2025-08-01 17:59:26.874395,shd,,0,0,0,3127.1,C'				! Run type,shd,1,,1536.0,41,1480.25,1600.0,1498.8202439024392,18.186111490915913,0.0,3327.1,3327.1,[],[],[],[],,,,,,,,,,,,,,,,,,,,,0.0,0.0,0.0,,,,,,
B034_arr,2025-08-01 17:59:27.172260,arr,,0,0,0,2438.8,A'				! Run type,arr,1,,717.5,38,1460.0,1600.0,1465.5697368421054,22.31434604474064,0.0,2638.8,2638.8,[],[],[],[],,74490.0,0.152331203,222.0,20.59833338011308,7.204086652392574,1.71489586e-10,201.0,0.0032559253666003445,0.7508907357496568,444.0,28835.76367614185,,,,,,,,,,,,,,,,,
B034_ray,2025-08-01 17:59:27.296993,ray,,0,0,0,2438.8,A' 0.0,ray,1,,717.5,38,1460.0,1600.0,1465.5697368421054,22.31434604474064,0.0,2638.8,2638.8,[],[],[],[],,,,,,,,,,,,,1.0,10032.0,50207.67169190009,2438.8003622820215,2369311.414907819,159.1214430339243,71.0,0.0,,,,,,,,,
B034_shd,2025-08-01 17:59:27.435975,shd,,0,0,0,2438.8,C'				! Run type,shd,1,,717.5,38,1460.0,1600.0,1465.5697368421054,22.31434604474064,0.0,2638.8,2638.8,[],[],[],[],,,,,,,,,,,,,,,,,,,,,0.0,0.0,0.0,,,,,,
B035_arr,2025-08-01 17:59:27.801184,arr,,0,0,0,931.2,A'				! Run type,arr,1,,1156.0,31,1478.13,1600.0,1491.5909677419352,20.801398581211874,0.0,1131.2,1131.2,[],[],[],[],,99878.0,0.152469859,227.999985,20.02521487630851,7.334195085641199,3.59167168e-10,201.0,0.002383079673764533,0.6455716693264005,455.999969,100365.22650111992,,,,,,,,,,,,,,,,,
B035_ray,2025-08-01 17:59:27.954620,ray,,0,0,0,931.2,A' 0.0,ray,1,,1156.0,31,1478.13,1600.0,1491.5909677419352,20.801398581211874,0.0,1131.2,1131.2,[],[],[],[],,,,,,,,,,,,,1.0,109205.0,50086.50593388029,931.2003217051861,7862136.482145488,646.2963665960492,233.0,0.0,,,,,,,,,
B035_shd,2025-08-01 17:59:29.272410,shd,,0,0,0,931.2,C'				! Run type,shd,1,,1156.0,31,1478.13,1600.0,1491.5909677419352,20.801398581211874,0.0,1131.2,1131.2,[],[],[],[],,,,,,,,,,,,,,,,,,,,,0.0,0.0,0.0,,,,,,
B036_arr,2025-08-01 17:59:29.556144,arr,,0,0,0,1490.9,A'				! Run type,arr,1,,1307.0,40,1483.3,1600.0,1498.0887500000001,17.52072432685076,0.0,1690.9,1690.9,[],[],[],[],,210856.0,0.148221672,222.0,19.86332684767051,7.404237100340453,4.57513305e-10,201.0,0.0011661554475466773,0.44630870079188856,444.0,94498.00604358736,,,,,,,,,,,,,,,,,
B036_ray,2025-08-01 17:59:29.866861,ray,,0,0,0,1490.9,A' 0.0,ray,1,,1307.0,40,1483.3,1600.0,1498.0887500000001,17.52072432685076,0.0,1690.9,1690.9,[],[],[],[],,,,,,,,,,,,,1.0,116490.0,50148.63318012553,1490.9005683363428,10331208.199779872,900.3138935213394,282.0,0.0,,,,,,,,,
B036_shd,2025-08-01 17:59:31.421002,shd,,0,0,0,1490.9,C'				! Run type,shd,1,,1307.0,40,1483.3,1600.0,1498.0887500000001,17.52072432685076,0.0,1690.9,1690.9,[],[],[],[],,,,,,,,,,,,,,,,,,,,,0.0,0.0,0.0,,,,,,
B037_arr,2025-08-01 17:59:31.728888,arr,,0,0,0,4837.3,A'				! Run type,arr,1,,1190.0,50,1475.27,1600.0,1492.9264,17.780949778906635,0.0,5037.3,5037.3,[],[],[],[],,125289.0,0.172962174,259.0,23.52766152563578,8.439446200881768,5.84686854e-10,201.0,0.0019743966547352103,0.5813009930302535,518.0,18819.84154920027,,,,,,,,,,,,,,,,,
B037_ray,2025-08-01 17:59:31.928446,ray,,0,0,0,4837.3,A' 0.0,ray,1,,1190.0,50,1475.27,1600.0,1492.9264,17.780949778906635,0.0,5037.3,5037.3,[],[],[],[],,,,,,,,,,,,,1.0,7452.0,50454.808202709835,4837.301055665071,1983533.7706481605,137.2865750347495,59.0,0.0,,,,,,,,,
B037_shd,2025-08-01 17:59:32.030526,shd,,0,0,0,4837.3,C'				! Run type,shd,1,,1190.0,50,1475.27,1600.0,1492.9264,17.780949778906635,0.0,5037.3,5037.3,[],[],[],[],,,,,,,,,,,,,,,,,,,,,0.0,0.0,0.0,,,,,,
B038_arr,2025-08-01 17:59:32.441060,arr,,0,0,0,420.7,A'				! Run type,arr,1,,2057.0,29,1492.67,1600.0,1504.6444827586206,18.421095400842596,0.0,620.7,620.7,[],[],[],[],,433660.0,0.164906457,248.0,20.02871078840618,8.029101861240504,3.56787777e-09,201.0,0.0005816388424327021,0.31278117935132427,496.0,442038.42237598717,,,,,,,,,,,,,,,,,
B038_ray,2025-08-01 17:59:33.165682,ray,,0,0,0,420.7,A' 0.0,ray,1,,2057.0,29,1492.67,1600.0,1504.6444827586206,18.421095400842596,0.0,620.7,620.7,[],[],[],[],,,,,,,,,,,,,1.0,132572.0,50041.248173606386,420.7001408253019,5008241.723062585,522.081838215951,115.0,0.0,,,,,,,,,
B038_shd,2025-08-01 17:59:34.903096,shd,,0,0,0,420.7,C'				! Run type,shd,1,,2057.0,29,1492.67,1600.0,1504.6444827586206,18.421095400842596,0.0,620.7,620.7,[],[],[],[],,,,,,,,,,,,,,,,,,,,,0.0,0.0,0.0,,,,,,
B039_arr,2025-08-01 17:59:35.216806,arr,,0,0,0,2848.2,A'				! Run type,arr,1,,1754.0,44,1474.13,1600.0,1496.1706818181813,18.71531803311336,0.0,3048.2,3048.2,[],[],[],[],,48727.0,0.145182967,215.0,19.12581912173446,7.292530053223265,6.46321385e-10,201.0,0.004946110425926124,0.9275343151301731,430.0,191294.55374659703,,,,,,,,,,,,,,,,,
B039_ray,2025-08-01 17:59:35.301800,ray,,0,0,0,2848.2,A' 0.0,ray,1,,1754.0,44,1474.13,1600.0,1496.1706818181813,18.71531803311336,0.0,3048.2,3048.2,[],[],[],[],,,,,,,,,,,,,1.0,55922.0,50280.35959573469,2848.200901693492,9399177.461639587,722.8502494919946,277.0,0.0,,,,,,,,,
B039_shd,2025-08-01 17:59:36.058419,shd,,0,0,0,2848.2,C'				! Run type,shd,1,,1754.0,44,1474.13,1600.0,1496.1706818181813,18.71531803311336,0.0,3048.2,3048.2,[],[],[],[],,,,,,,,,,,,,,,,,,,,,0.0,0.0,0.0,,,,,,
B040_arr,2025-08-01 17:59:36.386071,arr,,0,0,0,2373.8,A'				! Run type,arr,1,,946.5,38,1460.0,1600.0,1466.9394736842105,22.437867539563374,0.0,2573.8,2573.8,[],[],[],[],,356849.0,0.180249974,262.999969,23.171853126055222,8.391797412089582,3.73492418e-11,201.0,0.0007003831514646923,0.34374224698879735,525.999939,57552.54589213567,,,,,,,,,,,,,,,,,
B040_ray,2025-08-01 17:59:36.980014,ray,,0,0,0,2373.8,A' 0.0,ray,1,,946.5,38,1460.0,1600.0,1466.9394736842105,22.437867539563374,0.0,2573.8,2573.8,[],[],[],[],,,,,,,,,,,,,1.0,64178.0,50228.72508819302,2373.8007602636208,11546721.69533028,740.152690987635,325.0,0.0,,,,,,,,,
B040_shd,2025-08-01 17:59:37.796184,shd,,0,0,0,2373.8,C'				! Run type,shd,1,,946.5,38,1460.0,1600.0,1466.9394736842105,22.437867539563374,0.0,2573.8,2573.8,[],[],[],[],,,,,,,,,,,,,,,,,,,,,0.0,0.0,0.0,,,,,,
B041_arr,2025-08-01 17:59:38.091280,arr,,0,0,0,908.7,A'				! Run type,arr,1,,1343.0,31,1475.83,1600.0,1490.4245161290319,21.13952479685475,0.0,1108.7,1108.7,[],[],[],[],,124060.0,0.173293307,259.0,20.433911791531912,8.486428181788261,2.4588136e-09,201.0,0.0019844805987385404,0.5829853605585131,518.0,207956.66566220424,,,,,,,,,,,,,,,,,
B041_ray,2025-08-01 17:59:38.300014,ray,,0,0,0,908.7,A' 0.0,ray,1,,1343.0,31,1475.83,1600.0,1490.4245161290319,21.13952479685475,0.0,1108.7,1108.7,[],[],[],[],,,,,,,,,,,,,1.0,54819.0,50086.64734336358,908.7003291813603,3611404.3287333813,293.8950878409693,73.0,0.0,,,,,,,,,
B041_shd,2025-08-01 17:59:38.970027,shd,,0,0,0,908.7,C'				! Run type,shd,1,,1343.0,31,1475.83,1600.0,1490.4245161290319,21.13952479685475,0.0,1108.7,1108.7,[],[],[],[],,,,,,,,,,,,,,,,,,,,,0.0,0.0,0.0,,,,,,
B042_arr,2025-08-01 17:59:39.289060,arr,,0,0,0,1515.0,A'				! Run type,arr,1,,834.3,40,1488.59,1600.0,1500.435,17.387135042898826,0.0,1715.0,1715.0,[],[],[],[],,123912.0,0.190825582,287.5,20.660828841893554,8.671472316269067,1.47399937e-09,201.0,0.0019133210769877705,0.5786456084890169,575.0,224180.31356674703,,,,,,,,,,,,,,,,,
B042_ray,2025-08-01 17:59:39.480321,ray,,0,0,0,1515.0,A' 0.0,ray,1,,834.3,40,1488.59,1600.0,1500.435,17.387135042898826,0.0,1715.0,1715.0,[],[],[],[],,,,,,,,,,,,,1.0,23978.0,50146.52498355804,1515.0004779361213,2196036.116259211,189.33928515061206,48.0,0.0,,,,,,,,,
B042_shd,2025-08-01 17:59:39.765203,shd,,0,0,0,1515.0,C'				! Run type,shd,1,,834.3,40,1488.59,1600.0,1500.435,17.387135042898826,0.0,1715.0,1715.0,[],[],[],[],,,,,,,,,,,,,,,,,,,,,0.0,0.0,0.0,,,,,,
B043_arr,2025-08-01 17:59:40.060410,arr,,0,0,0,5442.1,A'				! Run type,arr,1,,908.2,56,1476.78,1600.0,1495.8719642857143,15.739918022526904,0.0,5642.1,5642.1,[],[],[],[],,59405.0,0.189619869,283.0,22.073982684056006,8.501522670507299,6.29472974e-10,201.0,0.003995381606514747,0.8370779336360978,566.0,11683.030168096166,,,,,,,,,,,,,,,,,
B043_ray,2025-08-01 17:59:40.146420,ray,,0,0,0,5442.1,A' 0.0,ray,1,,908.2,56,1476.78,1600.0,1495.8719642857143,15.739918022526904,0.0,5642.1,5642.1,[],[],[],[],,,,,,,,,,,,,1.0,20588.0,50530.85666493284,5442.101046460245,7433708.7944092555,513.9125176325005,221.0,0.0,,,,,,,,,
B043_shd,2025-08-01 17:59:40.394911,shd,,0,0,0,5442.1,C'				! Run type,shd,1,,908.2,56,1476.78,1600.0,1495.8719642857143,15.739918022526904,0.0,5642.1,5642.1,[],[],[],[],,,,,,,,,,,,,,,,,,,,,0.0,0.0,0.0,,,,,,
B044_arr,2025-08-01 17:59:40.769918,arr,,0,0,0,587.0,A'				! Run type,arr,1,,2238.0,26,1492.12,1600.0,1505.0753846153846,19.771843077928395,0.0,787.0,787.0,[],[],[],[],,98256.0,0.19763799,297.000031,19.562413361499146,8.512114424455397,4.14211332e-09,201.0,0.0023731188072713657,0.6483325635514999,594.000061,373440.5884261977,,,,,,,,,,,,,,,,,
B044_ray,2025-08-01 17:59:40.909029,ray,,0,0,0,587.0,A' 0.0,ray,1,,2238.0,26,1492.12,1600.0,1505.0753846153846,19.771843077928395,0.0,787.0,787.0,[],[],[],[],,,,,,,,,,,,,1.0,105268.0,50057.20755762667,587.0001870474947,6009932.846707154,597.742820722809,142.0,0.0,,,,,,,,,
B044_shd,2025-08-01 17:59:42.201758,shd,,0,0,0,587.0,C'				! Run type,shd,1,,2238.0,26,1492.12,1600.0,1505.0753846153846,19.771843077928395,0.0,787.0,787.0,[],[],[],[],,,,,,,,,,,,,,,,,,,,,0.0,0.0,0.0,,,,,,
B045_arr,2025-08-01 17:59:42.536523,arr,,0,0,0,2801.5,A'				! Run type,arr,1,,1629.0,39,1480.57,1600.0,1497.9546153846154,18.85352512045044,0.0,3001.5,3001.5,[],[],[],[],,46735.0,0.180354699,270.0,19.566292586733027,8.677993340498125,8.21253565e-10,201.0,0.005011619717936645,0.9414645734185348,540.0,29846.30767384858,,,,,,,,,,,,,,,,,
B045_ray,2025-08-01 17:59:42.603777,ray,,0,0,0,2801.5,A' 0.0,ray,1,,1629.0,39,1480.57,1600.0,1497.9546153846154,18.85352512045044,0.0,3001.5,3001.5,[],[],[],[],,,,,,,,,,,,,1.0,38755.0,50267.261882583785,2801.500706248447,7244641.515276921,538.8654447803326,215.0,0.0,,,,,,,,,
B045_shd,2025-08-01 17:59:43.069950,shd,,0,0,0,2801.5,C'				! Run type,shd,1,,1629.0,39,1480.57,1600.0,1497.9546153846154,18.85352512045044,0.0,3001.5,3001.5,[],[],[],[],,,,,,,,,,,,,,,,,,,,,0.0,0.0,0.0,,,,,,
B046_arr,2025-08-01 17:59:43.375832,arr,,0,0,0,2669.0,A'				! Run type,arr,1,,706.0,36,1460.0,1600.0,1467.1361111111112,22.821643756868873,0.0,2869.0,2869.0,[],[],[],[],,138743.0,0.200827628,294.5,22.8232901931649,8.22083452418923,5.38466605e-10,201.0,0.0017287104057688541,0.5482071635750931,589.0,29474.013049413323,,,,,,,,,,,,,,,,,
B046_ray,2025-08-01 17:59:43.599767,ray,,0,0,0,2669.0,A' 0.0,ray,1,,706.0,36,1460.0,1600.0,1467.1361111111112,22.821643756868873,0.0,2869.0,2869.0,[],[],[],[],,,,,,,,,,,,,1.0,19431.0,50234.68463647029,2669.000889035317,4010634.185378906,275.17235239047085,119.0,0.0,,,,,,,,,
B046_shd,2025-08-01 17:59:43.858169,shd,,0,0,0,2669.0,C'				! Run type,shd,1,,706.0,36,1460.0,1600.0,1467.1361111111112,22.821643756868873,0.0,2869.0,2869.0,[],[],[],[],,,,,,,,,,,,,,,,,,,,,0.0,0.0,0.0,,,,,,
B047_arr,2025-08-01 17:59:44.149614,arr,,0,0,0,954.3,A'				! Run type,arr,1,,1206.0,27,1480.6,1600.0,1495.2681481481482,21.665153970619375,0.0,1154.3,1154.3,[],[],[],[],,256694.0,0.159670383,240.0,19.009950215664503,8.24524927062339,9.0139185e-10,201.0,0.0009814436616685657,0.40611676405222513,480.0,171544.3950612979,,,,,,,,,,,,,,,,,
B047_ray,2025-08-01 17:59:44.550838,ray,,0,0,0,954.3,A' 0.0,ray,1,,1206.0,27,1480.6,1600.0,1495.2681481481482,21.665153970619375,0.0,1154.3,1154.3,[],[],[],[],,,,,,,,,,,,,1.0,43877.0,50086.98145285952,954.3004286233663,3181548.618268326,277.10621739707256,68.0,0.0,,,,,,,,,
B047_shd,2025-08-01 17:59:45.154899,shd,,0,0,0,954.3,C'				! Run type,shd,1,,1206.0,27,1480.6,1600.0,1495.2681481481482,21.665153970619375,0.0,1154.3,1154.3,[],[],[],[],,,,,,,,,,,,,,,,,,,,,0.0,0.0,0.0,,,,,,
B048_arr,2025-08-01 17:59:45.455448,arr,,0,0,0,1574.8,A'				! Run type,arr,1,,1052.0,40,1488.75,1600.0,1500.643,17.300098150010594,0.0,1774.8,1774.8,[],[],[],[],,125031.0,0.154607102,232.5,20.834934746744967,7.738120011060799,1.12065371e-10,201.0,0.0019012942729878437,0.5765153583349332,465.0,53421.89283960205,,,,,,,,,,,,,,,,,
B048_ray,2025-08-01 17:59:45.653119,ray,,0,0,0,1574.8,A' 0.0,ray,1,,1052.0,40,1488.75,1600.0,1500.643,17.300098150010594,0.0,1774.8,1774.8,[],[],[],[],,,,,,,,,,,,,1.0,35116.0,50153.61980596352,1574.8005390137448,3504643.5337825743,271.0797322142194,94.0,0.0,,,,,,,,,
B048_shd,2025-08-01 17:59:46.129374,shd,,0,0,0,1574.8,C'				! Run type,shd,1,,1052.0,40,1488.75,1600.0,1500.643,17.300098150010594,0.0,1774.8,1774.8,[],[],[],[],,,,,,,,,,,,,,,,,,,,,0.0,0.0,0.0,,,,,,
B049_arr,2025-08-01 17:59:46.435570,arr,,0,0,0,4713.1,A'				! Run type,arr,1,,1075.0,49,1480.38,1600.0,1493.6404081632654,17.08830665464541,0.0,4913.1,4913.1,[],[],[],[],,50695.0,0.286206335,212.000015,18.971756820794816,7.252820441838347,3.50620061e-10,201.0,0.004624618254762026,0.9039470921488176,424.000031,12095.149948435135,,,,,,,,,,,,,,,,,
B049_ray,2025-08-01 17:59:46.509732,ray,,0,0,0,4713.1,A' 0.0,ray,1,,1075.0,49,1480.38,1600.0,1493.6404081632654,17.08830665464541,0.0,4913.1,4913.1,[],[],[],[],,,,,,,,,,,,,1.0,14665.0,50447.30145072695,4713.101160463967,4409243.243653207,304.72409965207044,131.0,0.0,,,,,,,,,
B049_shd,2025-08-01 17:59:46.709474,shd,,0,0,0,4713.1,C'				! Run type,shd,1,,1075.0,49,1480.38,1600.0,1493.6404081632654,17.08830665464541,0.0,4913.1,4913.1,[],[],[],[],,,,,,,,,,,,,,,,,,,,,0.0,0.0,0.0,,,,,,
B050_arr,2025-08-01 17:59:46.998840,arr,,0,0,0,563.2,A'				! Run type,arr,1,,1909.0,33,1491.79,1600.0,1504.262121212121,17.75208681844335,0.0,763.2,763.2,[],[],[],[],,491905.0,0.174179882,262.5,18.702837072386597,8.866268364908754,6.59447774e-10,201.0,0.0005167014116953819,0.29277552240894017,525.0,652826.6316676657,,,,,,,,,,,,,,,,,
B050_ray,2025-08-01 17:59:47.808988,ray,,0,0,0,563.2,A' 0.0,ray,1,,1909.0,33,1491.79,1600.0,1504.262121212121,17.75208681844335,0.0,763.2,763.2,[],[],[],[],,,,,,,,,,,,,1.0,128423.0,50055.34026060804,563.2002503551254,4886838.181482795,555.1355785521027,97.0,0.0,,,,,,,,,
B050_shd,2025-08-01 17:59:49.380632,shd,,0,0,0,563.2,C'				! Run type,shd,1,,1909.0,33,1491.79,1600.0,1504.262121212121,17.75208681844335,0.0,763.2,763.2,[],[],[],[],,,,,,,,,,,,,,,,,,,,,0.0,0.0,0.0,,,,,,
B051_arr,2025-08-01 17:59:49.698922,arr,,0,0,0,3171.4,A'				! Run type,arr,1,,1277.0,45,1479.53,1600.0,1499.3077777777778,17.53323420616958,0.0,3371.4,3371.4,[],[],[],[],,145521.0,0.167751521,251.500015,22.118528525274616,8.661699798497635,1.44610338e-10,201.0,0.0016090476063760698,0.5327401992547736,503.000031,28331.678882432985,,,,,,,,,,,,,,,,,
B051_ray,2025-08-01 17:59:49.930922,ray,,0,0,0,3171.4,A' 0.0,ray,1,,1277.0,45,1479.53,1600.0,1499.3077777777778,17.53323420616958,0.0,3371.4,3371.4,[],[],[],[],,,,,,,,,,,,,1.0,18780.0,50243.34921207873,3171.4009030501943,3213075.3136652345,226.94161026509593,93.0,0.0,,,,,,,,,
B051_shd,2025-08-01 17:59:50.180283,shd,,0,0,0,3171.4,C'				! Run type,shd,1,,1277.0,45,1479.53,1600.0,1499.3077777777778,17.53323420616958,0.0,3371.4,3371.4,[],[],[],[],,,,,,,,,,,,,,,,,,,,,0.0,0.0,0.0,,,,,,
B052_arr,2025-08-01 17:59:50.584603,arr,,0,0,0,2341.4,A'				! Run type,arr,1,,662.7,37,1460.0,1600.0,1468.338108108108,22.703673573191686,0.0,2541.4,2541.4,[],[],[],[],,111250.0,0.186006963,272.0,23.034017669841283,8.043161712072576,1.5650958e-11,201.0,0.0021665104294081123,0.6132944963749402,544.0,80564.5928953248,,,,,,,,,,,,,,,,,
B052_ray,2025-08-01 17:59:50.778111,ray,,0,0,0,2341.4,A' 0.0,ray,1,,662.7,37,1460.0,1600.0,1468.338108108108,22.703673573191686,0.0,2541.4,2541.4,[],[],[],[],,,,,,,,,,,,,1.0,39420.0,50233.51301219531,2341.400754320136,7053649.361890432,492.9076902017671,209.0,0.0,,,,,,,,,
B052_shd,2025-08-01 17:59:51.357039,shd,,0,0,0,2341.4,C'				! Run type,shd,1,,662.7,37,1460.0,1600.0,1468.338108108108,22.703673573191686,0.0,2541.4,2541.4,[],[],[],[],,,,,,,,,,,,,,,,,,,,,0.0,0.0,0.0,,,,,,
B053_arr,2025-08-01 17:59:51.720807,arr,,0,0,0,934.8,A'				! Run type,arr,1,,1469.0,34,1477.55,1600.0,1493.4905882352944,20.147807637436777,0.0,1134.8,1134.8,[],[],[],[],,112628.0,0.151067212,226.000015,18.44473445019218,8.175162364144034,1.76731296e-09,201.0,0.002222179183415542,0.6144057651808553,452.000031,241411.18668181865,,,,,,,,,,,,,,,,,
B053_ray,2025-08-01 17:59:51.914059,ray,,0,0,0,934.8,A' 0.0,ray,1,,1469.0,34,1477.55,1600.0,1493.4905882352944,20.147807637436777,0.0,1134.8,1134.8,[],[],[],[],,,,,,,,,,,,,1.0,79833.0,50089.1379716608,934.8003420481382,5033497.619192501,489.08624528593754,138.0,0.0,,,,,,,,,
B053_shd,2025-08-01 17:59:53.010701,shd,,0,0,0,934.8,C'				! Run type,shd,1,,1469.0,34,1477.55,1600.0,1493.4905882352944,20.147807637436777,0.0,1134.8,1134.8,[],[],[],[],,,,,,,,,,,,,,,,,,,,,0.0,0.0,0.0,,,,,,
B054_arr,2025-08-01 17:59:53.333989,arr,,0,0,0,1481.4,A'				! Run type,arr,1,,1068.0,38,1489.14,1600.0,1500.6278947368423,17.321179332326192,0.0,1681.4,1681.4,[],[],[],[],,324123.0,0.178586826,268.5,22.21334782017428,8.267835554268313,9.23807142e-10,201.0,0.0007487383011515479,0.3583657281632545,537.0,107281.08572961205,,,,,,,,,,,,,,,,,
B054_ray,2025-08-01 17:59:53.844974,ray,,0,0,0,1481.4,A' 0.0,ray,1,,1068.0,38,1489.14,1600.0,1500.6278947368423,17.321179332326192,0.0,1681.4,1681.4,[],[],[],[],,,,,,,,,,,,,1.0,105874.0,50146.76635732567,1481.400543488756,10315932.995822998,784.3515273943619,287.0,0.0,,,,,,,,,
B054_shd,2025-08-01 17:59:55.121228,shd,,0,0,0,1481.4,C'				! Run type,shd,1,,1068.0,38,1489.14,1600.0,1500.6278947368423,17.321179332326192,0.0,1681.4,1681.4,[],[],[],[],,,,,,,,,,,,,,,,,,,,,0.0,0.0,0.0,,,,,,
B055_arr,2025-08-01 17:59:55.418110,arr,,0,0,0,5220.0,A'				! Run type,arr,1,,1150.0,54,1479.79,1600.0,1494.8640740740743,16.580978561851744,0.0,5420.0,5420.0,[],[],[],[],,93607.0,0.144345269,212.5,18.595821314724798,7.085983261491577,5.51337413e-11,201.0,0.0026975710861808777,0.6761988277607214,425.0,12212.91599866681,,,,,,,,,,,,,,,,,
B055_ray,2025-08-01 17:59:55.569275,ray,,0,0,0,5220.0,A' 0.0,ray,1,,1150.0,54,1479.79,1600.0,1494.8640740740743,16.580978561851744,0.0,5420.0,5420.0,[],[],[],[],,,,,,,,,,,,,1.0,26980.0,50498.526746400814,5220.001694455932,7288915.747847277,497.9449731338244,215.0,0.0,,,,,,,,,
B055_shd,2025-08-01 17:59:55.928179,shd,,0,0,0,5220.0,C'				! Run type,shd,1,,1150.0,54,1479.79,1600.0,1494.8640740740743,16.580978561851744,0.0,5420.0,5420.0,[],[],[],[],,,,,,,,,,,,,,,,,,,,,0.0,0.0,0.0,,,,,,
B056_arr,2025-08-01 17:59:56.209177,arr,,0,0,0,406.5,A'				! Run type,arr,1,,2125.0,30,1495.13,1600.0,1505.659333333333,17.907506234971844,0.0,606.5,606.5,[],[],[],[],,247234.0,0.145383149,219.0,16.256304737808204,7.770662475074966,4.58512961e-09,201.0,0.0009904878145983059,0.4106738497926748,438.0,598564.9571259362,,,,,,,,,,,,,,,,,
B056_ray,2025-08-01 17:59:56.626219,ray,,0,0,0,406.5,A' 0.0,ray,1,,2125.0,30,1495.13,1600.0,1505.659333333333,17.907506234971844,0.0,606.5,606.5,[],[],[],[],,,,,,,,,,,,,1.0,199334.0,50039.99546668011,406.50014463717963,6469829.0805480415,695.7630650526773,132.0,0.0,,,,,,,,,
B056_shd,2025-08-01 17:59:59.144221,shd,,0,0,0,406.5,C'				! Run type,shd,1,,2125.0,30,1495.13,1600.0,1505.659333333333,17.907506234971844,0.0,606.5,606.5,[],[],[],[],,,,,,,,,,,,,,,,,,,,,0.0,0.0,0.0,,,,,,
B057_arr,2025-08-01 17:59:59.468485,arr,,0,0,0,2839.0,A'				! Run type,arr,1,,1530.0,43,1484.27,1600.0,1501.7518604651164,17.547133106567575,0.0,3039.0,3039.0,[],[],[],[],,73756.0,0.140582263,212.5,17.493663090609008,7.509291108444404,2.19675406e-11,201.0,0.003340767677965635,0.7568511052200118,425.0,25496.236837637873,,,,,,,,,,,,,,,,,
B057_ray,2025-08-01 17:59:59.585549,ray,,0,0,0,2839.0,A' 0.0,ray,1,,1530.0,43,1484.27,1600.0,1501.7518604651164,17.547133106567575,0.0,3039.0,3039.0,[],[],[],[],,,,,,,,,,,,,1.0,51455.0,50264.19949068445,2839.000860574396,8783761.781351041,666.1132234920786,260.0,0.0,,,,,,,,,
B057_shd,2025-08-01 18:00:00.274337,shd,,0,0,0,2839.0,C'				! Run type,shd,1,,1530.0,43,1484.27,1600.0,1501.7518604651164,17.547133106567575,0.0,3039.0,3039.0,[],[],[],[],,,,,,,,,,,,,,,,,,,,,0.0,0.0,0.0,,,,,,
B058_arr,2025-08-01 18:00:00.562132,arr,,0,0,0,2411.9,A'				! Run type,arr,1,,974.2,37,1460.0,1600.0,1468.3497297297297,22.588718720646096,0.0,2611.9,2611.9,[],[],[],[],,157383.0,0.185956821,271.5,22.635069808146255,8.064619633765401,2.86292018e-10,201.0,0.0015828084591483485,0.5192005182144933,543.0,33023.19725384692,,,,,,,,,,,,,,,,,
B058_ray,2025-08-01 18:00:00.828140,ray,,0,0,0,2411.9,A' 0.0,ray,1,,974.2,37,1460.0,1600.0,1468.3497297297297,22.588718720646096,0.0,2611.9,2611.9,[],[],[],[],,,,,,,,,,,,,1.0,43872.0,50235.74595459346,2411.900777805908,7594904.36356818,506.5568079171351,224.0,0.0,,,,,,,,,
B058_shd,2025-08-01 18:00:01.429019,shd,,0,0,0,2411.9,C'				! Run type,shd,1,,974.2,37,1460.0,1600.0,1468.3497297297297,22.588718720646096,0.0,2611.9,2611.9,[],[],[],[],,,,,,,,,,,,,,,,,,,,,0.0,0.0,0.0,,,,,,
B059_arr,2025-08-01 18:00:01.783011,arr,,0,0,0,988.7,A'				! Run type,arr,1,,1328.0,29,1475.49,1600.0,1490.523448275862,22.012600823299934,0.0,1188.7,1188.7,[],[],[],[],,244273.0,0.149850816,223.999985,19.942449007936165,7.241824263235153,8.05228606e-10,201.0,0.0009680259448252272,0.4111888690334895,447.999969,94638.45537635873,,,,,,,,,,,,,,,,,
B059_ray,2025-08-01 18:00:02.171795,ray,,0,0,0,988.7,A' 0.0,ray,1,,1328.0,29,1475.49,1600.0,1490.523448275862,22.012600823299934,0.0,1188.7,1188.7,[],[],[],[],,,,,,,,,,,,,1.0,26409.0,50092.762709580245,988.7002649178953,2372176.243814375,194.2065743006233,71.0,0.0,,,,,,,,,
B059_shd,2025-08-01 18:00:02.536015,shd,,0,0,0,988.7,C'				! Run type,shd,1,,1328.0,29,1475.49,1600.0,1490.523448275862,22.012600823299934,0.0,1188.7,1188.7,[],[],[],[],,,,,,,,,,,,,,,,,,,,,0.0,0.0,0.0,,,,,,
B060_arr,2025-08-01 18:00:02.867526,arr,,0,0,0,1507.4,A'				! Run type,arr,1,,1102.0,38,1484.83,1600.0,1500.5276315789474,18.000080034063373,0.0,1707.4,1707.4,[],[],[],[],,99446.0,0.160302147,242.000015,19.374839385269794,8.460409941420856,1.5618814e-09,201.0,0.002423202728670767,0.6480903337000468,484.000031,85825.14245871437,,,,,,,,,,,,,,,,,
B060_ray,2025-08-01 18:00:03.027122,ray,,0,0,0,1507.4,A' 0.0,ray,1,,1102.0,38,1484.83,1600.0,1500.5276315789474,18.000080034063373,0.0,1707.4,1707.4,[],[],[],[],,,,,,,,,,,,,1.0,70614.0,50144.663276643005,1507.4004920187833,6655091.159318144,555.5822525928626,165.0,0.0,,,,,,,,,
B060_shd,2025-08-01 18:00:03.930649,shd,,0,0,0,1507.4,C'				! Run type,shd,1,,1102.0,38,1484.83,1600.0,1500.5276315789474,18.000080034063373,0.0,1707.4,1707.4,[],[],[],[],,,,,,,,,,,,,,,,,,,,,0.0,0.0,0.0,,,,,,
B061_arr,2025-08-01 18:00:04.223649,arr,,0,0,0,5298.9,A'				! Run type,arr,1,,1073.0,55,1478.65,1600.0,1495.0654545454545,16.327017521795728,0.0,5498.9,5498.9,[],[],[],[],,135400.0,0.140891805,210.0,19.296777392726927,7.008479518846926,7.42513662e-10,201.0,0.0018484173800079398,0.560363208513665,420.0,19433.51170639131,,,,,,,,,,,,,,,,,
B061_ray,2025-08-01 18:00:04.428229,ray,,0,0,0,5298.9,A' 0.0,ray,1,,1073.0,55,1478.65,1600.0,1495.0654545454545,16.327017521795728,0.0,5498.9,5498.9,[],[],[],[],,,,,,,,,,,,,1.0,8502.0,50524.82912344426,5298.901575213961,2293993.5167848794,160.11393558314023,68.0,0.0,,,,,,,,,
B061_shd,2025-08-01 18:00:04.532385,shd,,0,0,0,5298.9,C'				! Run type,shd,1,,1073.0,55,1478.65,1600.0,1495.0654545454545,16.327017521795728,0.0,5498.9,5498.9,[],[],[],[],,,,,,,,,,,,,,,,,,,,,0.0,0.0,0.0,,,,,,
B062_arr,2025-08-01 18:00:04.835368,arr,,0,0,0,421.2,A'				! Run type,arr,1,,1790.0,30,1488.89,1600.0,1500.759333333333,18.829235943665434,0.0,621.2,621.2,[],[],[],[],,363231.0,0.176111847,264.500031,17.782289021956235,9.195208684149813,6.17613849e-10,201.0,0.0006837272555084451,0.3391094629790397,529.000061,1011347.986421483,,,,,,,,,,,,,,,,,
B062_ray,2025-08-01 18:00:05.386155,ray,,0,0,0,421.2,A' 0.0,ray,1,,1790.0,30,1488.89,1600.0,1500.759333333333,18.829235943665434,0.0,621.2,621.2,[],[],[],[],,,,,,,,,,,,,1.0,243968.0,50041.05239306454,421.2001590950685,7887023.244767825,906.7821192894309,181.0,0.0,,,,,,,,,
B062_shd,2025-08-01 18:00:08.590467,shd,,0,0,0,421.2,C'				! Run type,shd,1,,1790.0,30,1488.89,1600.0,1500.759333333333,18.829235943665434,0.0,621.2,621.2,[],[],[],[],,,,,,,,,,,,,,,,,,,,,0.0,0.0,0.0,,,,,,
B063_arr,2025-08-01 18:00:08.892223,arr,,0,0,0,2858.8,A'				! Run type,arr,1,,1485.0,37,1484.23,1600.0,1497.787027027027,18.33413134682177,0.0,3058.8,3058.8,[],[],[],[],,131360.0,0.19299233,290.5,21.950880328439716,8.492576043410725,2.1691475e-10,201.0,0.0018949084558845457,0.5683057641137312,581.0,30599.86422324754,,,,,,,,,,,,,,,,,
B063_ray,2025-08-01 18:00:09.090365,ray,,0,0,0,2858.8,A' 0.0,ray,1,,1485.0,37,1484.23,1600.0,1497.787027027027,18.33413134682177,0.0,3058.8,3058.8,[],[],[],[],,,,,,,,,,,,,1.0,53665.0,50280.79334266517,2858.8011489876235,8860648.755357021,622.7697243242928,260.0,0.0,,,,,,,,,
B063_shd,2025-08-01 18:00:09.732562,shd,,0,0,0,2858.8,C'				! Run type,shd,1,,1485.0,37,1484.23,1600.0,1497.787027027027,18.33413134682177,0.0,3058.8,3058.8,[],[],[],[],,,,,,,,,,,,,,,,,,,,,0.0,0.0,0.0,,,,,,
B064_arr,2025-08-01 18:00:10.042368,arr,,0,0,0,2611.4,A'				! Run type,arr,1,,608.1,43,1460.0,1600.0,1466.5567441860467,21.05454043954904,0.0,2811.4,2811.4,[],[],[],[],,200657.0,0.196086362,286.5,22.69334805380412,8.361421385013973,7.04382441e-10,201.0,0.0012166271837501367,0.4570800883678553,573.0,97025.4783232202,,,,,,,,,,,,,,,,,
B064_ray,2025-08-01 18:00:10.365947,ray,,0,0,0,2611.4,A' 0.0,ray,1,,608.1,43,1460.0,1600.0,1466.5567441860467,21.05454043954904,0.0,2811.4,2811.4,[],[],[],[],,,,,,,,,,,,,1.0,18160.0,50242.363414491156,2611.40070699186,3392854.0088901203,233.8962966141659,101.0,0.0,,,,,,,,,
B064_shd,2025-08-01 18:00:10.606993,shd,,0,0,0,2611.4,C'				! Run type,shd,1,,608.1,43,1460.0,1600.0,1466.5567441860467,21.05454043954904,0.0,2811.4,2811.4,[],[],[],[],,,,,,,,,,,,,,,,,,,,,0.0,0.0,0.0,,,,,,
B065_arr,2025-08-01 18:00:10.928122,arr,,0,0,0,1051.5,A'				! Run type,arr,1,,1166.0,26,1473.5,1600.0,1490.5734615384617,22.904940673324628,0.0,1251.5,1251.5,[],[],[],[],,110610.0,0.179182664,266.0,20.371824624778416,8.568350321004653,3.55680796e-09,201.0,0.002128189698480213,0.6119718385464455,532.0,209277.42350280515,,,,,,,,,,,,,,,,,
B065_ray,2025-08-01 18:00:11.096868,ray,,0,0,0,1051.5,A' 0.0,ray,1,,1166.0,26,1473.5,1600.0,1490.5734615384617,22.904940673324628,0.0,1251.5,1251.5,[],[],[],[],,,,,,,,,,,,,1.0,38832.0,50103.4820616927,1051.500310463091,3697160.816693195,331.8613707873332,110.0,0.0,,,,,,,,,
B065_shd,2025-08-01 18:00:11.616454,shd,,0,0,0,1051.5,C'				! Run type,shd,1,,1166.0,26,1473.5,1600.0,1490.5734615384617,22.904940673324628,0.0,1251.5,1251.5,[],[],[],[],,,,,,,,,,,,,,,,,,,,,0.0,0.0,0.0,,,,,,
B066_arr,2025-08-01 18:00:11.929090,arr,,0,0,0,1412.9,A'				! Run type,arr,1,,847.8,31,1483.99,1600.0,1498.5412903225806,19.50557881188561,0.0,1612.9,1612.9,[],[],[],[],,175776.0,0.141727328,213.0,17.755267736931216,7.106878889581755,3.98447897e-09,201.0,0.0014322472913062074,0.4918126318794145,426.0,50194.31957122303,,,,,,,,,,,,,,,,,
B066_ray,2025-08-01 18:00:12.208412,ray,,0,0,0,1412.9,A' 0.0,ray,1,,847.8,31,1483.99,1600.0,1498.5412903225806,19.50557881188561,0.0,1612.9,1612.9,[],[],[],[],,,,,,,,,,,,,1.0,56322.0,50133.884986644094,1412.9003816178806,6225412.317673076,543.4295772079671,185.0,0.0,,,,,,,,,
B066_shd,2025-08-01 18:00:12.955403,shd,,0,0,0,1412.9,C'				! Run type,shd,1,,847.8,31,1483.99,1600.0,1498.5412903225806,19.50557881188561,0.0,1612.9,1612.9,[],[],[],[],,,,,,,,,,,,,,,,,,,,,0.0,0.0,0.0,,,,,,
B067_arr,2025-08-01 18:00:13.278620,arr,,0,0,0,4751.0,A'				! Run type,arr,1,,865.4,52,1477.32,1600.0,1491.7076923076927,16.695924838505285,0.0,4951.0,4951.0,[],[],[],[],,33948.0,0.161863402,231.0,20.28252652514251,7.705786885485463,5.15201837e-09,201.0,0.00694410853108861,1.1063854194999054,462.0,17230.408542004294,,,,,,,,,,,,,,,,,
B067_ray,2025-08-01 18:00:13.337627,ray,,0,0,0,4751.0,A' 0.0,ray,1,,865.4,52,1477.32,1600.0,1491.7076923076927,16.695924838505285,0.0,4951.0,4951.0,[],[],[],[],,,,,,,,,,,,,1.0,9081.0,50396.81548913768,4751.001921774801,2000659.6825321794,138.90237244421112,59.0,0.0,,,,,,,,,
B067_shd,2025-08-01 18:00:13.458954,shd,,0,0,0,4751.0,C'				! Run type,shd,1,,865.4,52,1477.32,1600.0,1491.7076923076927,16.695924838505285,0.0,4951.0,4951.0,[],[],[],[],,,,,,,,,,,,,,,,,,,,,0.0,0.0,0.0,,,,,,
B068_arr,2025-08-01 18:00:13.815578,arr,,0,0,0,576.7,A'				! Run type,arr,1,,2333.0,26,1493.73,1600.0,1505.982692307692,19.360409356307187,0.0,776.7,776.7,[],[],[],[],,239575.0,0.174729109,262.999969,19.835350628821082,8.297019926943221,2.13474305e-09,201.0,0.0010374112752068235,0.419943907688889,525.999939,254453.64153004563,,,,,,,,,,,,,,,,,
B068_ray,2025-08-01 18:00:14.180364,ray,,0,0,0,576.7,A' 0.0,ray,1,,2333.0,26,1493.73,1600.0,1505.982692307692,19.360409356307187,0.0,776.7,776.7,[],[],[],[],,,,,,,,,,,,,1.0,105322.0,50054.68126753143,576.7001694935262,6005890.05340344,553.042130048319,164.0,0.0,,,,,,,,,
B068_shd,2025-08-01 18:00:15.444201,shd,,0,0,0,576.7,C'				! Run type,shd,1,,2333.0,26,1493.73,1600.0,1505.982692307692,19.360409356307187,0.0,776.7,776.7,[],[],[],[],,,,,,,,,,,,,,,,,,,,,0.0,0.0,0.0,,,,,,
B069_arr,2025-08-01 18:00:15.727483,arr,,0,0,0,3136.3,A'				! Run type,arr,1,,1798.0,42,1480.81,1600.0,1497.2909523809524,17.71109146827864,0.0,3336.3,3336.3,[],[],[],[],,34820.0,0.13759771,205.499985,16.9632094937637,7.176318481702407,1.65301095e-09,201.0,0.007008489628359206,1.1004057757593446,410.999969,22876.081727395103,,,,,,,,,,,,,,,,,
B069_ray,2025-08-01 18:00:15.787686,ray,,0,0,0,3136.3,A' 0.0,ray,1,,1798.0,42,1480.81,1600.0,1497.2909523809524,17.71109146827864,0.0,3336.3,3336.3,[],[],[],[],,,,,,,,,,,,,1.0,12959.0,50299.38044673021,3136.3011320113137,2196815.2034235667,157.4754930442111,65.0,0.0,,,,,,,,,
B069_shd,2025-08-01 18:00:15.945910,shd,,0,0,0,3136.3,C'				! Run type,shd,1,,1798.0,42,1480.81,1600.0,1497.2909523809524,17.71109146827864,0.0,3336.3,3336.3,[],[],[],[],,,,,,,,,,,,,,,,,,,,,0.0,0.0,0.0,,,,,,
B070_arr,2025-08-01 18:00:16.329314,arr,,0,0,0,2599.3,A'				! Run type,arr,1,,821.7,37,1460.0,1600.0,1466.725945945946,22.65552500593124,0.0,2799.3,2799.3,[],[],[],[],,172459.0,0.170511171,249.0,23.029536144924315,7.8712574659838,3.49850149e-11,201.0,0.0013988453455645125,0.49213873982177503,498.0,24480.81534556434,,,,,,,,,,,,,,,,,
B070_ray,2025-08-01 18:00:16.592018,ray,,0,0,0,2599.3,A' 0.0,ray,1,,821.7,37,1460.0,1600.0,1466.725945945946,22.65552500593124,0.0,2799.3,2799.3,[],[],[],[],,,,,,,,,,,,,1.0,9718.0,50240.26589650738,2599.300403360196,2867691.0260442263,189.04351731037679,86.0,0.0,,,,,,,,,
B070_shd,2025-08-01 18:00:16.713120,shd,,0,0,0,2599.3,C'				! Run type,shd,1,,821.7,37,1460.0,1600.0,1466.725945945946,22.65552500593124,0.0,2799.3,2799.3,[],[],[],[],,,,,,,,,,,,,,,,,,,,,0.0,0.0,0.0,,,,,,
B071_arr,2025-08-01 18:00:17.013246,arr,,0,0,0,994.2,A'				! Run type,arr,1,,1564.0,34,1476.33,1600.0,1490.7444117647058,20.481753456527574,0.0,1194.2,1194.2,[],[],[],[],,355039.0,0.147822767,221.0,17.94922940593204,7.733554836767454,2.17605708e-11,201.0,0.0007131598923507561,0.34461731699714393,442.0,194037.95033571555,,,,,,,,,,,,,,,,,
B071_ray,2025-08-01 18:00:17.615194,ray,,0,0,0,994.2,A' 0.0,ray,1,,1564.0,34,1476.33,1600.0,1490.7444117647058,20.481753456527574,0.0,1194.2,1194.2,[],[],[],[],,,,,,,,,,,,,1.0,81964.0,50095.928889228584,994.2002330234001,7602774.908953791,672.7213320914204,227.0,0.0,,,,,,,,,
B071_shd,2025-08-01 18:00:18.688698,shd,,0,0,0,994.2,C'				! Run type,shd,1,,1564.0,34,1476.33,1600.0,1490.7444117647058,20.481753456527574,0.0,1194.2,1194.2,[],[],[],[],,,,,,,,,,,,,,,,,,,,,0.0,0.0,0.0,,,,,,
B072_arr,2025-08-01 18:00:18.987106,arr,,0,0,0,1525.0,A'				! Run type,arr,1,,868.3,40,1488.92,1600.0,1503.611,17.037786652027307,0.0,1725.0,1725.0,[],[],[],[],,74449.0,0.193962499,292.5,19.10789205337534,8.920224286588995,2.57595567e-09,201.0,0.003269582868146914,0.751097415428329,585.0,75459.74845447311,,,,,,,,,,,,,,,,,
B072_ray,2025-08-01 18:00:19.092261,ray,,0,0,0,1525.0,A' 0.0,ray,1,,868.3,40,1488.92,1600.0,1503.611,17.037786652027307,0.0,1725.0,1725.0,[],[],[],[],,,,,,,,,,,,,1.0,50151.0,50140.53103908649,1525.0005440000232,4436854.199718182,356.7487662607373,131.0,0.0,,,,,,,,,
B072_shd,2025-08-01 18:00:19.702764,shd,,0,0,0,1525.0,C'				! Run type,shd,1,,868.3,40,1488.92,1600.0,1503.611,17.037786652027307,0.0,1725.0,1725.0,[],[],[],[],,,,,,,,,,,,,,,,,,,,,0.0,0.0,0.0,,,,,,
B073_arr,2025-08-01 18:00:20.020066,arr,,0,0,0,5311.9,A'				! Run type,arr,1,,1111.0,55,1478.3,1600.0,1491.8830909090907,16.358895147481118,0.0,5511.9,5511.9,[],[],[],[],,34380.0,0.187984809,278.999969,21.24196949970288,8.328154491999424,1.7655459e-10,201.0,0.006856587955700619,1.0994126064809007,557.999939,11282.641361049062,,,,,,,,,,,,,,,,,
B073_ray,2025-08-01 18:00:20.086935,ray,,0,0,0,5311.9,A' 0.0,ray,1,,1111.0,55,1478.3,1600.0,1491.8830909090907,16.358895147481118,0.0,5511.9,5511.9,[],[],[],[],,,,,,,,,,,,,1.0,21281.0,50486.200445812196,5311.901579551268,5454297.833347562,377.83801902579324,161.0,0.0,,,,,,,,,
B073_shd,2025-08-01 18:00:20.379829,shd,,0,0,0,5311.9,C'				! Run type,shd,1,,1111.0,55,1478.3,1600.0,1491.8830909090907,16.358895147481118,0.0,5511.9,5511.9,[],[],[],[],,,,,,,,,,,,,,,,,,,,,0.0,0.0,0.0,,,,,,
B074_arr,2025-08-01 18:00:20.735240,arr,,0,0,0,531.9,A'				! Run type,arr,1,,2186.0,34,1487.0,1600.0,1499.1635294117646,18.08649169023389,0.0,731.9,731.9,[],[],[],[],,82855.0,0.136929736,205.0,16.071918906120946,7.2976886893849535,2.07583661e-09,201.0,0.002866264188920781,0.7082053089248936,410.0,461075.3378170547,,,,,,,,,,,,,,,,,
B074_ray,2025-08-01 18:00:20.853652,ray,,0,0,0,531.9,A' 0.0,ray,1,,2186.0,34,1487.0,1600.0,1499.1635294117646,18.08649169023389,0.0,731.9,731.9,[],[],[],[],,,,,,,,,,,,,1.0,153317.0,50051.428457834765,531.900148536992,7800742.93575335,867.4002624663697,195.0,0.0,,,,,,,,,
B074_shd,2025-08-01 18:00:22.688681,shd,,0,0,0,531.9,C'				! Run type,shd,1,,2186.0,34,1487.0,1600.0,1499.1635294117646,18.08649169023389,0.0,731.9,731.9,[],[],[],[],,,,,,,,,,,,,,,,,,,,,0.0,0.0,0.0,,,,,,
B075_arr,2025-08-01 18:00:22.983313,arr,,0,0,0,3089.2,A'				! Run type,arr,1,,1497.0,41,1484.79,1600.0,1499.6763414634147,17.836890076207784,0.0,3289.2,3289.2,[],[],[],[],,68026.0,0.173244745,262.0,21.41386526154548,8.491200023937294,2.19314886e-10,201.0,0.0035380792059443783,0.7842958202221431,524.0,72900.65540983614,,,,,,,,,,,,,,,,,
B075_ray,2025-08-01 18:00:23.090314,ray,,0,0,0,3089.2,A' 0.0,ray,1,,1497.0,41,1484.79,1600.0,1499.6763414634147,17.836890076207784,0.0,3289.2,3289.2,[],[],[],[],,,,,,,,,,,,,1.0,64454.0,50302.60256433189,3089.2010978331937,10956526.279924,814.2620329545622,323.0,0.0,,,,,,,,,
B075_shd,2025-08-01 18:00:23.933980,shd,,0,0,0,3089.2,C'				! Run type,shd,1,,1497.0,41,1484.79,1600.0,1499.6763414634147,17.836890076207784,0.0,3289.2,3289.2,[],[],[],[],,,,,,,,,,,,,,,,,,,,,0.0,0.0,0.0,,,,,,
B076_arr,2025-08-01 18:00:24.244949,arr,,0,0,0,2610.2,A'				! Run type,arr,1,,982.7,44,1460.0,1600.0,1466.1820454545455,20.763845936840386,0.0,2810.2,2810.2,[],[],[],[],,58963.0,0.140272766,202.0,18.661222299881025,6.767743826950345,4.97150099e-10,201.0,0.003942841223904548,0.8369233385833013,404.0,31377.806482716915,,,,,,,,,,,,,,,,,
B076_ray,2025-08-01 18:00:24.337957,ray,,0,0,0,2610.2,A' 0.0,ray,1,,982.7,44,1460.0,1600.0,1466.1820454545455,20.763845936840386,0.0,2810.2,2810.2,[],[],[],[],,,,,,,,,,,,,1.0,14569.0,50251.12432884536,2610.2005405250397,3476182.321397606,230.86937012226304,104.0,0.0,,,,,,,,,
B076_shd,2025-08-01 18:00:24.533985,shd,,0,0,0,2610.2,C'				! Run type,shd,1,,982.7,44,1460.0,1600.0,1466.1820454545455,20.763845936840386,0.0,2810.2,2810.2,[],[],[],[],,,,,,,,,,,,,,,,,,,,,0.0,0.0,0.0,,,,,,
B077_arr,2025-08-01 18:00:24.853432,arr,,0,0,0,918.2,A'				! Run type,arr,1,,1581.0,26,1476.44,1600.0,1491.9715384615386,22.729286206990526,0.0,1118.2,1118.2,[],[],[],[],,263857.0,0.186900288,280.0,21.387993052956734,8.524297982526111,3.40010908e-09,201.0,0.0009042040150005568,0.395927187861391,560.0,204262.79952306623,,,,,,,,,,,,,,,,,
B077_ray,2025-08-01 18:00:25.256711,ray,,0,0,0,918.2,A' 0.0,ray,1,,1581.0,26,1476.44,1600.0,1491.9715384615386,22.729286206990526,0.0,1118.2,1118.2,[],[],[],[],,,,,,,,,,,,,1.0,59326.0,50089.359611596534,918.200240371959,5401967.781314081,400.9984003902631,161.0,0.0,,,,,,,,,
B077_shd,2025-08-01 18:00:25.993591,shd,,0,0,0,918.2,C'				! Run type,shd,1,,1581.0,26,1476.44,1600.0,1491.9715384615386,22.729286206990526,0.0,1118.2,1118.2,[],[],[],[],,,,,,,,,,,,,,,,,,,,,0.0,0.0,0.0,,,,,,
B078_arr,2025-08-01 18:00:26.306181,arr,,0,0,0,1507.2,A'				! Run type,arr,1,,809.0,32,1486.12,1600.0,1500.9187499999998,18.99142763031521,0.0,1707.2,1707.2,[],[],[],[],,75698.0,0.148841754,223.5,18.92461909991991,7.401952507115346,9.02122821e-10,201.0,0.0031953397479336666,0.7441745125861802,447.0,51956.87685173507,,,,,,,,,,,,,,,,,
B078_ray,2025-08-01 18:00:26.421181,ray,,0,0,0,1507.2,A' 0.0,ray,1,,809.0,32,1486.12,1600.0,1500.9187499999998,18.99142763031521,0.0,1707.2,1707.2,[],[],[],[],,,,,,,,,,,,,1.0,33427.0,50142.283991050426,1507.2005805467368,3514363.261157942,280.14221850043737,92.0,0.0,,,,,,,,,
B078_shd,2025-08-01 18:00:26.832265,shd,,0,0,0,1507.2,C'				! Run type,shd,1,,809.0,32,1486.12,1600.0,1500.9187499999998,18.99142763031521,0.0,1707.2,1707.2,[],[],[],[],,,,,,,,,,,,,,,,,,,,,0.0,0.0,0.0,,,,,,
B079_arr,2025-08-01 18:00:27.148947,arr,,0,0,0,4891.1,A'				! Run type,arr,1,,954.3,54,1477.08,1600.0,1491.6646296296296,16.424751952911723,0.0,5091.1,5091.1,[],[],[],[],,60252.0,0.198899627,297.000031,22.562145476519333,8.547733668710812,3.6086284e-10,201.0,0.003938477847130747,0.8311735822295037,594.000061,16120.929117900456,,,,,,,,,,,,,,,,,
B079_ray,2025-08-01 18:00:27.246533,ray,,0,0,0,4891.1,A' 0.0,ray,1,,954.3,54,1477.08,1600.0,1491.6646296296296,16.424751952911723,0.0,5091.1,5091.1,[],[],[],[],,,,,,,,,,,,,1.0,13057.0,50447.6047124024,4891.101492439956,3605912.6437880653,255.15620752851257,107.0,0.0,,,,,,,,,
B079_shd,2025-08-01 18:00:27.423099,shd,,0,0,0,4891.1,C'				! Run type,shd,1,,954.3,54,1477.08,1600.0,1491.6646296296296,16.424751952911723,0.0,5091.1,5091.1,[],[],[],[],,,,,,,,,,,,,,,,,,,,,0.0,0.0,0.0,,,,,,
B080_arr,2025-08-01 18:00:27.769345,arr,,0,0,0,556.8,A'				! Run type,arr,1,,1941.0,30,1489.51,1600.0,1500.5099999999998,18.99357189507369,0.0,756.8,756.8,[],[],[],[],,524920.0,0.144243941,216.5,17.194634867266213,7.369269945094144,2.33454422e-10,201.0,0.0005003039827562499,0.284599468128092,433.0,372418.6128139323,,,,,,,,,,,,,,,,,
B080_ray,2025-08-01 18:00:28.649718,ray,,0,0,0,556.8,A' 0.0,ray,1,,1941.0,30,1489.51,1600.0,1500.5099999999998,18.99357189507369,0.0,756.8,756.8,[],[],[],[],,,,,,,,,,,,,1.0,70853.0,50050.72091460262,556.8002291199335,3201117.047861539,288.256300851809,63.0,0.0,,,,,,,,,
B080_shd,2025-08-01 18:00:29.561057,shd,,0,0,0,556.8,C'				! Run type,shd,1,,1941.0,30,1489.51,1600.0,1500.5099999999998,18.99357189507369,0.0,756.8,756.8,[],[],[],[],,,,,,,,,,,,,,,,,,,,,0.0,0.0,0.0,,,,,,
B081_arr,2025-08-01 18:00:29.845050,arr,,0,0,0,2846.6,A'				! Run type,arr,1,,1329.0,36,1477.32,1600.0,1496.3980555555556,19.782023660587022,0.0,3046.6,3046.6,[],[],[],[],,111590.0,0.14135921,210.499985,18.28454981738343,7.303735831856747,1.15163233e-10,201.0,0.0022056765652119733,0.6146963289544878,420.999969,28880.82909654716,,,,,,,,,,,,,,,,,
B081_ray,2025-08-01 18:00:30.008050,ray,,0,0,0,2846.6,A' 0.0,ray,1,,1329.0,36,1477.32,1600.0,1496.3980555555556,19.782023660587022,0.0,3046.6,3046.6,[],[],[],[],,,,,,,,,,,,,1.0,69338.0,50261.96430971442,2846.6012314904583,11334234.311692897,835.4678412794333,332.0,0.0,,,,,,,,,
B081_shd,2025-08-01 18:00:30.870837,shd,,0,0,0,2846.6,C'				! Run type,shd,1,,1329.0,36,1477.32,1600.0,1496.3980555555556,19.782023660587022,0.0,3046.6,3046.6,[],[],[],[],,,,,,,,,,,,,,,,,,,,,0.0,0.0,0.0,,,,,,
B082_arr,2025-08-01 18:00:31.179343,arr,,0,0,0,2316.5,A'				! Run type,arr,1,,642.8,43,1460.0,1600.0,1466.4346511627907,21.10217550218044,0.0,2516.5,2516.5,[],[],[],[],,57560.0,0.158240795,231.0,20.730131302278664,7.4920890838924175,4.55116583e-10,201.0,0.004086087229210828,0.848997273458465,462.0,30468.2367564392,,,,,,,,,,,,,,,,,
B082_ray,2025-08-01 18:00:31.261987,ray,,0,0,0,2316.5,A' 0.0,ray,1,,642.8,43,1460.0,1600.0,1466.4346511627907,21.10217550218044,0.0,2516.5,2516.5,[],[],[],[],,,,,,,,,,,,,1.0,16430.0,50198.224172164475,2316.5008241274563,2591158.2436941676,185.28726181665462,67.0,0.0,,,,,,,,,
B082_shd,2025-08-01 18:00:31.469501,shd,,0,0,0,2316.5,C'				! Run type,shd,1,,642.8,43,1460.0,1600.0,1466.4346511627907,21.10217550218044,0.0,2516.5,2516.5,[],[],[],[],,,,,,,,,,,,,,,,,,,,,0.0,0.0,0.0,,,,,,
B083_arr,2025-08-01 18:00:31.808668,arr,,0,0,0,915.2,A'				! Run type,arr,1,,1421.0,27,1475.88,1600.0,1494.3207407407403,21.98686003653359,0.0,1115.2,1115.2,[],[],[],[],,155841.0,0.160499543,240.0,19.64108987330806,8.233858969205142,3.80627779e-10,201.0,0.0015895056786317796,0.5206794911452409,480.0,225415.90558922687,,,,,,,,,,,,,,,,,
B083_ray,2025-08-01 18:00:32.050490,ray,,0,0,0,915.2,A' 0.0,ray,1,,1421.0,27,1475.88,1600.0,1494.3207407407403,21.98686003653359,0.0,1115.2,1115.2,[],[],[],[],,,,,,,,,,,,,1.0,35551.0,50079.24669189314,915.200282237412,2983297.7999332584,248.66620433388388,89.0,0.0,,,,,,,,,
B083_shd,2025-08-01 18:00:32.485335,shd,,0,0,0,915.2,C'				! Run type,shd,1,,1421.0,27,1475.88,1600.0,1494.3207407407403,21.98686003653359,0.0,1115.2,1115.2,[],[],[],[],,,,,,,,,,,,,,,,,,,,,0.0,0.0,0.0,,,,,,
B084_arr,2025-08-01 18:00:32.854339,arr,,0,0,0,1427.8,A'				! Run type,arr,1,,1051.0,40,1488.19,1600.0,1500.6252499999998,17.180210124951905,0.0,1627.8,1627.8,[],[],[],[],,187322.0,0.14478299,218.0,19.241689468904497,7.235506752182229,9.1345681e-11,201.0,0.0013018474420863212,0.4726348572953187,436.0,88994.8508885788,,,,,,,,,,,,,,,,,
B084_ray,2025-08-01 18:00:33.150643,ray,,0,0,0,1427.8,A' 0.0,ray,1,,1051.0,40,1488.19,1600.0,1500.6252499999998,17.180210124951905,0.0,1627.8,1627.8,[],[],[],[],,,,,,,,,,,,,1.0,80104.0,50139.46896279868,1427.8003658304062,9026342.791686691,749.378413993652,214.0,0.0,,,,,,,,,
B084_shd,2025-08-01 18:00:34.159508,shd,,0,0,0,1427.8,C'				! Run type,shd,1,,1051.0,40,1488.19,1600.0,1500.6252499999998,17.180210124951905,0.0,1627.8,1627.8,[],[],[],[],,,,,,,,,,,,,,,,,,,,,0.0,0.0,0.0,,,,,,
B085_arr,2025-08-01 18:00:34.444128,arr,,0,0,0,4786.4,A'				! Run type,arr,1,,837.7,51,1478.23,1600.0,1491.7829411764706,16.58838139276505,0.0,4986.4,4986.4,[],[],[],[],,150073.0,0.16687578,249.5,23.088140348971987,8.430941974193706,1.58594482e-09,201.0,0.0015855379345637082,0.5262218074178041,499.0,18560.668755915256,,,,,,,,,,,,,,,,,
B085_ray,2025-08-01 18:00:34.680723,ray,,0,0,0,4786.4,A' 0.0,ray,1,,837.7,51,1478.23,1600.0,1491.7829411764706,16.58838139276505,0.0,4986.4,4986.4,[],[],[],[],,,,,,,,,,,,,1.0,32409.0,50465.24787091577,4786.401114957156,9673146.600487694,668.5750886319461,287.0,0.0,,,,,,,,,
B085_shd,2025-08-01 18:00:35.082119,shd,,0,0,0,4786.4,C'				! Run type,shd,1,,837.7,51,1478.23,1600.0,1491.7829411764706,16.58838139276505,0.0,4986.4,4986.4,[],[],[],[],,,,,,,,,,,,,,,,,,,,,0.0,0.0,0.0,,,,,,
B086_arr,2025-08-01 18:00:35.381181,arr,,0,0,0,406.8,A'				! Run type,arr,1,,2464.0,28,1488.1,1600.0,1499.4289285714287,19.685809852945518,0.0,606.8,606.8,[],[],[],[],,309781.0,0.16042769,240.0,18.18891798812043,8.443266266220464,1.25760669e-09,201.0,0.0007995559293980652,0.36786848799784105,480.0,713863.4860492422,,,,,,,,,,,,,,,,,
B086_ray,2025-08-01 18:00:35.839926,ray,,0,0,0,406.8,A' 0.0,ray,1,,2464.0,28,1488.1,1600.0,1499.4289285714287,19.685809852945518,0.0,606.8,606.8,[],[],[],[],,,,,,,,,,,,,1.0,182203.0,50037.64890163859,406.8001687951876,5549036.676619683,663.5903634213049,115.0,0.0,,,,,,,,,
B086_shd,2025-08-01 18:00:38.133164,shd,,0,0,0,406.8,C'				! Run type,shd,1,,2464.0,28,1488.1,1600.0,1499.4289285714287,19.685809852945518,0.0,606.8,606.8,[],[],[],[],,,,,,,,,,,,,,,,,,,,,0.0,0.0,0.0,,,,,,
B087_arr,2025-08-01 18:00:38.432773,arr,,0,0,0,2928.7,A'				! Run type,arr,1,,1706.0,42,1479.95,1600.0,1499.3302380952382,17.838735072614575,0.0,3128.7,3128.7,[],[],[],[],,165749.0,0.165644154,250.0,22.77230518566655,8.450761584496234,3.89247939e-10,201.0,0.0014857824173397456,0.5043693776242887,500.0,73199.61940031254,,,,,,,,,,,,,,,,,
B087_ray,2025-08-01 18:00:38.676775,ray,,0,0,0,2928.7,A' 0.0,ray,1,,1706.0,42,1479.95,1600.0,1499.3302380952382,17.838735072614575,0.0,3128.7,3128.7,[],[],[],[],,,,,,,,,,,,,1.0,53192.0,50291.741425388784,2928.7009751474975,9406104.23468851,702.2831171986307,278.0,0.0,,,,,,,,,
B087_shd,2025-08-01 18:00:39.320447,shd,,0,0,0,2928.7,C'				! Run type,shd,1,,1706.0,42,1479.95,1600.0,1499.3302380952382,17.838735072614575,0.0,3128.7,3128.7,[],[],[],[],,,,,,,,,,,,,,,,,,,,,0.0,0.0,0.0,,,,,,
B088_arr,2025-08-01 18:00:39.672450,arr,,0,0,0,2385.8,A'				! Run type,arr,1,,936.6,42,1460.0,1600.0,1466.7016666666666,21.24119783151271,0.0,2585.8,2585.8,[],[],[],[],,61147.0,0.182479396,266.0,22.780721399997383,7.911266551176355,1.86181759e-09,201.0,0.0040414942002087425,0.8329584822404617,532.0,35526.94896775527,,,,,,,,,,,,,,,,,
B088_ray,2025-08-01 18:00:39.759451,ray,,0,0,0,2385.8,A' 0.0,ray,1,,936.6,42,1460.0,1600.0,1466.7016666666666,21.24119783151271,0.0,2585.8,2585.8,[],[],[],[],,,,,,,,,,,,,1.0,15287.0,50217.78432174759,2385.8006142339755,2781191.0319888834,193.70218065399794,83.0,0.0,,,,,,,,,
B088_shd,2025-08-01 18:00:39.944601,shd,,0,0,0,2385.8,C'				! Run type,shd,1,,936.6,42,1460.0,1600.0,1466.7016666666666,21.24119783151271,0.0,2585.8,2585.8,[],[],[],[],,,,,,,,,,,,,,,,,,,,,0.0,0.0,0.0,,,,,,
B089_arr,2025-08-01 18:00:40.347168,arr,,0,0,0,1012.5,A'				! Run type,arr,1,,1336.0,31,1482.7,1600.0,1495.656451612903,20.364150750670795,0.0,1212.5,1212.5,[],[],[],[],,176155.0,0.188749343,283.500031,20.898824049375346,8.161140766425966,2.33214759e-09,201.0,0.0014113006722209968,0.49024227044405494,567.000061,97481.715510956,,,,,,,,,,,,,,,,,
B089_ray,2025-08-01 18:00:40.642867,ray,,0,0,0,1012.5,A' 0.0,ray,1,,1336.0,31,1482.7,1600.0,1495.656451612903,20.364150750670795,0.0,1212.5,1212.5,[],[],[],[],,,,,,,,,,,,,1.0,38800.0,50094.904619889,1012.5003008778993,3186984.8309635874,309.6734327024726,73.0,0.0,,,,,,,,,
B089_shd,2025-08-01 18:00:41.140943,shd,,0,0,0,1012.5,C'				! Run type,shd,1,,1336.0,31,1482.7,1600.0,1495.656451612903,20.364150750670795,0.0,1212.5,1212.5,[],[],[],[],,,,,,,,,,,,,,,,,,,,,0.0,0.0,0.0,,,,,,
B090_arr,2025-08-01 18:00:41.433969,arr,,0,0,0,1582.0,A'				! Run type,arr,1,,1200.0,33,1487.96,1600.0,1501.34303030303,18.678099066999767,0.0,1782.0,1782.0,[],[],[],[],,203165.0,0.191642463,289.5,21.32639956703733,8.289681567637942,8.0598439e-10,201.0,0.0012385264387229755,0.45746225938101215,579.0,59910.52417585727,,,,,,,,,,,,,,,,,
B090_ray,2025-08-01 18:00:41.755968,ray,,0,0,0,1582.0,A' 0.0,ray,1,,1200.0,33,1487.96,1600.0,1501.34303030303,18.678099066999767,0.0,1782.0,1782.0,[],[],[],[],,,,,,,,,,,,,1.0,60146.0,50144.58118900154,1582.0004639489784,6948226.718282574,528.760772270997,206.0,0.0,,,,,,,,,
B090_shd,2025-08-01 18:00:42.523392,shd,,0,0,0,1582.0,C'				! Run type,shd,1,,1200.0,33,1487.96,1600.0,1501.34303030303,18.678099066999767,0.0,1782.0,1782.0,[],[],[],[],,,,,,,,,,,,,,,,,,,,,0.0,0.0,0.0,,,,,,
B091_arr,2025-08-01 18:00:42.831775,arr,,0,0,0,5394.1,A'				! Run type,arr,1,,1101.0,55,1476.91,1600.0,1491.9618181818187,16.275521507176922,0.0,5594.1,5594.1,[],[],[],[],,85781.0,0.167611644,251.500015,22.072186359243194,8.30741514775852,7.38436701e-10,201.0,0.0029239122179628018,0.7055699603839313,503.000031,13237.740571253784,,,,,,,,,,,,,,,,,
B091_ray,2025-08-01 18:00:42.959777,ray,,0,0,0,5394.1,A' 0.0,ray,1,,1101.0,55,1476.91,1600.0,1491.9618181818187,16.275521507176922,0.0,5594.1,5594.1,[],[],[],[],,,,,,,,,,,,,1.0,37677.0,50530.6695869711,5394.1012541568725,10316690.246800147,721.596401848149,305.0,0.0,,,,,,,,,
B091_shd,2025-08-01 18:00:43.421803,shd,,0,0,0,5394.1,C'				! Run type,shd,1,,1101.0,55,1476.91,1600.0,1491.9618181818187,16.275521507176922,0.0,5594.1,5594.1,[],[],[],[],,,,,,,,,,,,,,,,,,,,,0.0,0.0,0.0,,,,,,
B092_arr,2025-08-01 18:00:43.765992,arr,,0,0,0,570.2,A'				! Run type,arr,1,,1660.0,33,1492.68,1600.0,1504.6948484848485,17.582415651114566,0.0,770.2,770.2,[],[],[],[],,165350.0,0.162956685,245.5,19.463167737656487,8.47235330449467,2.24728361e-10,201.0,0.0015136712705822028,0.5065379723255933,491.0,547232.8899997883,,,,,,,,,,,,,,,,,
B092_ray,2025-08-01 18:00:44.025992,ray,,0,0,0,570.2,A' 0.0,ray,1,,1660.0,33,1492.68,1600.0,1504.6948484848485,17.582415651114566,0.0,770.2,770.2,[],[],[],[],,,,,,,,,,,,,1.0,43083.0,50054.99816474527,570.2001559929139,2271434.971117471,227.26599959981536,46.0,0.0,,,,,,,,,
B092_shd,2025-08-01 18:00:44.557991,shd,,0,0,0,570.2,C'				! Run type,shd,1,,1660.0,33,1492.68,1600.0,1504.6948484848485,17.582415651114566,0.0,770.2,770.2,[],[],[],[],,,,,,,,,,,,,,,,,,,,,0.0,0.0,0.0,,,,,,
B093_arr,2025-08-01 18:00:44.873717,arr,,0,0,0,3182.2,A'				! Run type,arr,1,,1369.0,36,1485.29,1600.0,1499.3669444444445,19.037854223660773,0.0,3382.2,3382.2,[],[],[],[],,63517.0,0.16957882,254.000015,20.272110616492622,8.841445734581388,1.56515564e-10,201.0,0.003729978457628331,0.8088583790683793,508.000031,22856.741014125102,,,,,,,,,,,,,,,,,
B093_ray,2025-08-01 18:00:44.976724,ray,,0,0,0,3182.2,A' 0.0,ray,1,,1369.0,36,1485.29,1600.0,1499.3669444444445,19.037854223660773,0.0,3382.2,3382.2,[],[],[],[],,,,,,,,,,,,,1.0,41663.0,50276.11803372706,3182.2014365903797,7556824.181038189,536.3271335631485,221.0,0.0,,,,,,,,,
B093_shd,2025-08-01 18:00:45.489585,shd,,0,0,0,3182.2,C'				! Run type,shd,1,,1369.0,36,1485.29,1600.0,1499.3669444444445,19.037854223660773,0.0,3382.2,3382.2,[],[],[],[],,,,,,,,,,,,,,,,,,,,,0.0,0.0,0.0,,,,,,
B094_arr,2025-08-01 18:00:45.827887,arr,,0,0,0,2672.4,A'				! Run type,arr,1,,731.0,41,1460.0,1600.0,1467.9814634146342,21.479430382711147,0.0,2872.4,2872.4,[],[],[],[],,247379.0,0.158807069,232.5,21.63756151941276,7.630400238912271,2.82869353e-11,201.0,0.0010152836142936761,0.41412679018458937,465.0,32138.06838060269,,,,,,,,,,,,,,,,,
B094_ray,2025-08-01 18:00:46.220926,ray,,0,0,0,2672.4,A' 0.0,ray,1,,731.0,41,1460.0,1600.0,1467.9814634146342,21.479430382711147,0.0,2872.4,2872.4,[],[],[],[],,,,,,,,,,,,,1.0,38030.0,50255.84582332318,2672.400726006358,7551818.929871763,523.7553249512972,217.0,0.0,,,,,,,,,
B094_shd,2025-08-01 18:00:46.716366,shd,,0,0,0,2672.4,C'				! Run type,shd,1,,731.0,41,1460.0,1600.0,1467.9814634146342,21.479430382711147,0.0,2872.4,2872.4,[],[],[],[],,,,,,,,,,,,,,,,,,,,,0.0,0.0,0.0,,,,,,
B095_arr,2025-08-01 18:00:47.010064,arr,,0,0,0,1085.7,A'				! Run type,arr,1,,1374.0,27,1475.75,1600.0,1490.4637037037032,22.577786386943046,0.0,1285.7,1285.7,[],[],[],[],,135663.0,0.154362783,230.5,20.243767398181614,7.595523986782386,4.30104008e-10,201.0,0.0018201398459265104,0.5580592867052689,461.0,115302.1231690512,,,,,,,,,,,,,,,,,
B095_ray,2025-08-01 18:00:47.233064,ray,,0,0,0,1085.7,A' 0.0,ray,1,,1374.0,27,1475.75,1600.0,1490.4637037037032,22.577786386943046,0.0,1285.7,1285.7,[],[],[],[],,,,,,,,,,,,,1.0,118186.0,50105.85628812344,1085.7003563010617,10896166.321651766,903.740372882838,299.0,0.0,,,,,,,,,
B095_shd,2025-08-01 18:00:48.631916,shd,,0,0,0,1085.7,C'				! Run type,shd,1,,1374.0,27,1475.75,1600.0,1490.4637037037032,22.577786386943046,0.0,1285.7,1285.7,[],[],[],[],,,,,,,,,,,,,,,,,,,,,0.0,0.0,0.0,,,,,,
B096_arr,2025-08-01 18:00:48.923157,arr,,0,0,0,1482.7,A'				! Run type,arr,1,,1367.0,37,1488.38,1600.0,1501.6118918918921,17.925695257780074,0.0,1682.7,1682.7,[],[],[],[],,65497.0,0.16909048,255.499985,20.594686179802295,8.856864293180426,1.06346287e-09,201.0,0.0035513279807587936,0.794081790742374,510.999969,106639.9385155099,,,,,,,,,,,,,,,,,
B096_ray,2025-08-01 18:00:49.015156,ray,,0,0,0,1482.7,A' 0.0,ray,1,,1367.0,37,1488.38,1600.0,1501.6118918918921,17.925695257780074,0.0,1682.7,1682.7,[],[],[],[],,,,,,,,,,,,,1.0,23343.0,50145.06819765633,1482.7002860009682,2674643.3716581645,216.3765909755376,80.0,0.0,,,,,,,,,
B096_shd,2025-08-01 18:00:49.295886,shd,,0,0,0,1482.7,C'				! Run type,shd,1,,1367.0,37,1488.38,1600.0,1501.6118918918921,17.925695257780074,0.0,1682.7,1682.7,[],[],[],[],,,,,,,,,,,,,,,,,,,,,0.0,0.0,0.0,,,,,,
B097_arr,2025-08-01 18:00:49.669824,arr,,0,0,0,5209.9,A'				! Run type,arr,1,,1100.0,54,1482.11,1600.0,1497.7803703703705,15.690314771877707,0.0,5409.9,5409.9,[],[],[],[],,49436.0,0.342747331,255.499985,23.172753492503542,8.179435047326505,2.60445487e-09,201.0,0.004752458189979181,0.916102803471458,510.999969,19518.533874987377,,,,,,,,,,,,,,,,,
B097_ray,2025-08-01 18:00:49.740817,ray,,0,0,0,5209.9,A' 0.0,ray,1,,1100.0,54,1482.11,1600.0,1497.7803703703705,15.690314771877707,0.0,5409.9,5409.9,[],[],[],[],,,,,,,,,,,,,1.0,19429.0,50512.10598935875,5209.901039749527,6328726.517723633,439.1214333804902,188.0,0.0,,,,,,,,,
B097_shd,2025-08-01 18:00:49.975389,shd,,0,0,0,5209.9,C'				! Run type,shd,1,,1100.0,54,1482.11,1600.0,1497.7803703703705,15.690314771877707,0.0,5409.9,5409.9,[],[],[],[],,,,,,,,,,,,,,,,,,,,,0.0,0.0,0.0,,,,,,
B098_arr,2025-08-01 18:00:50.380141,arr,,0,0,0,498.9,A'				! Run type,arr,1,,2356.0,27,1488.26,1600.0,1499.4622222222224,20.16195341310209,0.0,698.9,698.9,[],[],[],[],,300016.0,0.182840779,274.5,18.57848625821397,8.91925099657607,1.70869187e-11,201.0,0.0008370951641902659,0.3748890594277021,549.0,655471.4097342715,,,,,,,,,,,,,,,,,
B098_ray,2025-08-01 18:00:50.817863,ray,,0,0,0,498.9,A' 0.0,ray,1,,2356.0,27,1488.26,1600.0,1499.4622222222224,20.16195341310209,0.0,698.9,698.9,[],[],[],[],,,,,,,,,,,,,1.0,110794.0,50049.09381579359,498.9001418698971,5004939.237919118,525.3374313664046,107.0,0.0,,,,,,,,,
B098_shd,2025-08-01 18:00:52.208563,shd,,0,0,0,498.9,C'				! Run type,shd,1,,2356.0,27,1488.26,1600.0,1499.4622222222224,20.16195341310209,0.0,698.9,698.9,[],[],[],[],,,,,,,,,,,,,,,,,,,,,0.0,0.0,0.0,,,,,,
B099_arr,2025-08-01 18:00:52.525339,arr,,0,0,0,2942.8,A'				! Run type,arr,1,,1756.0,39,1482.82,1600.0,1498.2358974358974,17.930039071839342,0.0,3142.8,3142.8,[],[],[],[],,111326.0,0.15258503,230.0,19.604974441634827,7.751933204933062,2.51494464e-10,201.0,0.0021092310737842305,0.6095367061154948,460.0,23795.507169978755,,,,,,,,,,,,,,,,,
B099_ray,2025-08-01 18:00:52.701813,ray,,0,0,0,2942.8,A' 0.0,ray,1,,1756.0,39,1482.82,1600.0,1498.2358974358974,17.930039071839342,0.0,3142.8,3142.8,[],[],[],[],,,,,,,,,,,,,1.0,57092.0,50289.22062430845,2942.800838259614,10918034.72307718,750.579569777611,311.0,0.0,,,,,,,,,
B099_shd,2025-08-01 18:00:53.414997,shd,,0,0,0,2942.8,C'				! Run type,shd,1,,1756.0,39,1482.82,1600.0,1498.2358974358974,17.930039071839342,0.0,3142.8,3142.8,[],[],[],[],,,,,,,,,,,,,,,,,,,,,0.0,0.0,0.0,,,,,,
B100_arr,2025-08-01 18:00:53.707708,arr,,0,0,0,2556.6,A'				! Run type,arr,1,,862.3,44,1460.0,1600.0,1468.103181818182,20.978705304180934,0.0,2756.6,2756.6,[],[],[],[],,359896.0,0.179037213,262.0,23.409042335403473,8.339182968426707,3.94762611e-10,201.0,0.0007087005463656265,0.3440854740257264,524.0,49993.06352646561,,,,,,,,,,,,,,,,,
B100_ray,2025-08-01 18:00:54.244600,ray,,0,0,0,2556.6,A' 0.0,ray,1,,862.3,44,1460.0,1600.0,1468.103181818182,20.978705304180934,0.0,2756.6,2756.6,[],[],[],[],,,,,,,,,,,,,1.0,17809.0,50242.99595565789,2556.600560948133,3489349.3098699315,235.8084812847913,104.0,0.0,,,,,,,,,
B100_shd,2025-08-01 18:00:54.472717,shd,,0,0,0,2556.6,C'				! Run type,shd,1,,862.3,44,1460.0,1600.0,1468.103181818182,20.978705304180934,0.0,2756.6,2756.6,[],[],[],[],,,,,,,,,,,,,,,,,,,,,0.0,0.0,0.0,,,,,,
